:020000040800F2
:10000000485A002029020008394300086D3E0008C4
:1000100035430008610500080D5500080000000088
:100020000000000000000000000000002144000863
:100030003D07000800000000B143000855440008D7
:10004000430200084302000843020008430200087C
:10005000430200084302000843020008430200086C
:10006000430200084302000843020008430200085C
:10007000430200084302000843020008430200084C
:10008000430200084302000843020008430200083C
:1000900065050008750500084302000843020008D2
:1000A00043020008494500084302000843020008D3
:1000B00059450008430200084302000843020008B3
:1000C00043020008430200084302000843020008FC
:1000D00043020008FD5400084302000843020008E0
:1000E00041070008430200084302000843020008D9
:1000F00043020008430200084302000843020008CC
:1001000043020008430200084302000843020008BB
:1001100043020008430200084302000843020008AB
:100120004302000843020008850500084302000856
:100130004302000800000000000000004302000825
:10014000430200084302000843020008430200087B
:100150004302000843020008950500084302000816
:10016000430200084302000843020008430200085B
:1001700043020008430200080000000000000000E5
:10018000430200084302000800F002F800F03CF8C7
:100190000AA090E8000C82448344AAF10107DA45E2
:1001A00001D100F031F8AFF2090EBAE80F0013F0F8
:1001B000010F18BFFB1A43F00103184774960000A3
:1001C00094960000103A24BF78C878C1FAD8520734
:1001D00024BF30C830C144BF04680C6070470000C1
:1001E0000023002400250026103A28BF78C1FBD840
:1001F000520728BF30C148BF0B6070471FB509F0D8
:1002000026FA1FBD10B510BD00F062F91146FFF7C8
:10021000F5FF05F03DFA00F080F903B4FFF7F2FFB7
:1002200003BC00F083F900000948804709480047F3
:10023000FEE7FEE7FEE7FEE7FEE7FEE7FEE7FEE796
:10024000FEE7FEE704480549054A064B70470000F3
:100250003545000889010008484E0020485A002012
:10026000485600204856002053EA020C00F06980EE
:100270002DE9F04B4FF00006002B1FBFB3FA83F5BA
:1002800003FA05F424FA05F65E4012BF1643B2FAEB
:1002900082F502FA05F4C5F120051EBF22FA05FC1D
:1002A00044EA0C04203556EA044C4FEA144418BFC3
:1002B000641C4FF000084FF00009904271EB030CF2
:1002C00039D3002919BFB1FA81F701FA07F6B0FA5C
:1002D00080F700FA07F6C7F120071EBF20FA07FCD7
:1002E00046EA0C062037B6FBF4FCA7EB0507103FE7
:1002F00007F01F0BCBF120062CFA06F60CFA0BFBCD
:1003000044BFB3460026202FA4BF5E464FF0000B2B
:100310005BEA060C08BF4FF0010B19EB0B0948EB29
:100320000608ABFB027C06FB02CC0BFB03CCC01B1C
:1003300071EB0C01C1E70B46024641464846BDE859
:10034000F08B13B5084318BF4FF0FF300146AFF3F1
:100350000080BDE81C407047032A40F2308010F056
:10036000030C00F0158011F8013BBCF1020F624450
:1003700098BF11F801CB00F8013B38BF11F8013BE1
:10038000A2F1040298BF00F801CB38BF00F8013B8E
:1003900011F0030300F06280083AC0F0088051F8C1
:1003A000043B083A51F804CBA0E80810F5E7121D09
:1003B0005CBF51F8043B40F8043BAFF30080D20728
:1003C00024BF11F8013B11F801CB48BF11F8012BF4
:1003D00024BF00F8013B00F801CB48BF00F8012B17
:1003E000704702F0FF0343EA032242EA024200F0B0
:1003F00002B84FF0000200B51346944696462039E5
:1004000022BFA0E80C50A0E80C50B1F12001BFF4CD
:10041000F7AF090728BFA0E80C5048BF0CC05DF833
:1004200004EB890028BF40F8042B08BF704748BF81
:1004300020F8022B11F0804F18BF00F8012B7047F5
:1004400070477047704710B500F03AF8006810BD6B
:1004500010B5044600F034F8046010BD10B5203A21
:10046000C0F00B80B1E81850A0E81850B1E818505F
:10047000A0E81850203ABFF4F5AF5FEA027C24BF31
:10048000B1E81850A0E8185044BF18C918C0BDE81A
:1004900010405FEA827C24BF51F8043B40F8043BE3
:1004A00008BF7047D20728BF31F8023B48BF11F898
:1004B000012B28BF20F8023B48BF00F8012B7047F2
:1004C00000487047100000200048704710000020CE
:1004D0007546FFF7F9FFAE4605006946534620F022
:1004E0000700854618B020B5FFF7ACFEBDE82040F8
:1004F0004FF000064FF000074FF000084FF0000BE0
:10050000AC46ACE8C009ACE8C009ACE8C009ACE84E
:10051000C00921F007018D46704710B50446AFF3BE
:1005200000802046BDE81040FFF777BE0149182043
:10053000ABBEFEE7260002007047000080B582B027
:100540000190FFE7012005F0CFF8FBE780B5002020
:10055000C4F202004FF48071002201F0F5FB80BD6F
:10056000FFE7FEE780B540F2E420C2F2000000F0B1
:100570009BFA80BD80B540F2E420C2F2000000F09A
:1005800093FA80BD80B540F20C30C2F2000000F05A
:10059000DFFE80BD80B540F26C30C2F2000000F09A
:1005A000D7FE80BD82B001900198007810384AF6DD
:1005B000AB21CAF6AA21A0FB011000090090009906
:1005C00049F2DC70C0F60000405C0199C8650098F3
:1005D000042807D3FFE701990868042262F30900A1
:1005E000886506E00199086840F2FF32904388650B
:1005F000FFE70198806D02B07047000086B005905B
:1006000000208DF813000598806A03900598806992
:1006100010BBFFE70398029003281BD80299DFE87C
:1006200001F0020D0218059890F82F00C00720B1C4
:10063000FFE701208DF81300FFE70CE00598C06A82
:10064000B0F1C07F04D1FFE701208DF81300FFE770
:1006500001E000E0FFE745E005988069B0F5005F44
:1006600025D1FFE70398019003281ED80199DFE800
:1006700001F00206021101208DF8130016E0059822
:1006800090F82F00C00720B1FFE701208DF813007C
:10069000FFE70BE00598C06AB0F1C07F04D1FFE727
:1006A00001208DF81300FFE700E0FFE719E0039851
:1006B0000090032804D3FFE70098032804D00EE03D
:1006C00001208DF813000BE0059890F82F00C0076B
:1006D00020B1FFE701208DF81300FFE700E0FFE7FE
:1006E000FFE7FFE79DF8130006B0704784B0039062
:1006F00002910192009303980168086820F4802019
:100700000860009803990968486003988068402849
:1007100009D1FFE701980399096888600298039955
:100720000968C86008E00298039909688860019820
:1007300003990968C860FFE704B07047704700007C
:1007400080B54FF4806001F007F980BD72B6FFE715
:10075000FEE7000084B002900191029890F820001A
:100760008DF803009DF80300012805D0FFE79DF8F0
:10077000030002280AD1FFE7019A0298016848693C
:100780001043486100208DF80F0008E00299486A84
:1007900040F48020486201208DF80F00FFE79DF8AB
:1007A0000F0004B07047000088B0069005910492D5
:1007B0000393069890F820008DF8070006980068CB
:1007C000806800900598806808B9FFE700E0FFE7BF
:1007D0009DF80700012806D0FFE79DF807000228D2
:1007E00040F08080FFE79DF80300400700280CD40C
:1007F000FFE79DF803000007002806D4FFE79DF8F7
:100800000300C006002864D5FFE70098C0F301602C
:100810000290029901208840039908600598806839
:1008200068B9FFE705980168C06840EA4150069939
:100830000968029A01EB0211C1F880010EE00599E6
:100840004A688868C96840EAC2000843069909688E
:10085000029A01EB0211C1F88001FFE705980069D7
:1008600006990968029A01EB0211C1F88401059802
:10087000007D01280CD1FFE706980068029900EB83
:100880000111D1F8840140F48070C1F88401FFE7C0
:100890000498406806990968029A01EB0211C1F8B0
:1008A0008C010498006806990968029A01EB02110C
:1008B000C1F8880106980068029900EB0111D1F88F
:1008C000800140F00100C1F8800100208DF81F0078
:1008D00011E00699486A40F40010486201208DF842
:1008E0001F0008E00699486A40F480204862012011
:1008F0008DF81F00FFE79DF81F0008B0704700004B
:1009000086B004900391049890F820008DF80300BD
:100910009DF80300012806D0FFE79DF80300022898
:1009200040F0B080FFE746F20040C4F200000190C2
:100930000199D1F8000240F00100C1F800020199CC
:10094000D1F8000220F47C50C1F800020398426AFA
:100950000199D1F8000240EA0220C1F80002039890
:10096000406900F01F01012088400290029A01991D
:10097000D1F81C029043C1F81C020398C069F0B979
:10098000FFE7029A0199D1F80C029043C1F80C02DA
:10099000039A9088D168526940EA0140019901EBBD
:1009A000C201C1F84002039A10889168526940EA76
:1009B0000140019901EBC201C1F84402FFE703982D
:1009C000C06901281ED1FFE7029A0199D1F80C02F3
:1009D0001043C1F80C02039A90881168526940EAEA
:1009E0000140019901EBC201C1F84002039A9089CC
:1009F0009168526940EA0140019901EBC201C1F8D6
:100A00004402FFE70398806940B9FFE7029A019921
:100A1000D1F804029043C1F8040207E0029A019958
:100A2000D1F804021043C1F80402FFE703980069FB
:100A300040B9FFE7029A0199D1F814029043C1F836
:100A4000140207E0029A0199D1F814021043C1F888
:100A50001402FFE70398006A012808D1FFE7029A11
:100A60000199D1F81C021043C1F81C02FFE701995B
:100A7000D1F8000220F00100C1F8000200208DF83A
:100A8000170008E00499486A40F480204862012079
:100A90008DF81700FFE79DF8170006B070470000BB
:100AA00081B0009001B0704780B58AB009900020F5
:100AB00008900998006840690790099800684068A4
:100AC0000690099800688068059009980068C068D9
:100AD000049009980068006903900998006880698B
:100AE00002909DF81C00C007002800F09480FFE7EA
:100AF0009DF81400C00758B3FFE70998016801206A
:100B000088609DF814008007002804D5FFE7099845
:100B100000F06EFB1BE09DF814004007002805D58F
:100B2000FFE7089840F4006008900FE09DF814007B
:100B30000007002805D5FFE7089840F4805008908A
:100B400003E0099800F050FBFFE7FFE7FFE7FFE74E
:100B50009DF81500C00760B3FFE7099801684FF4DE
:100B6000807088609DF815008007002804D5FFE795
:100B7000099800F045FB1BE09DF815004007002890
:100B800005D5FFE7089840F4005008900FE09DF865
:100B900015000007002805D5FFE7089840F48040BD
:100BA000089003E0099800F027FBFFE7FFE7FFE765
:100BB000FFE79DF81600C00760B3FFE709980168DA
:100BC0004FF4803088609DF816008007002804D517
:100BD000FFE7099800F01CFB1BE09DF8160040079A
:100BE000002805D5FFE7089840F4004008900FE082
:100BF0009DF816000007002805D5FFE7089840F487
:100C00008030089003E0099800F0FEFAFFE7FFE764
:100C1000FFE7FFE7FFE79DF81C000007002810D55D
:100C2000FFE79DF81000C006002809D5FFE70898E7
:100C300040F400700890099801681020C860FFE730
:100C4000FFE79DF81C00400700280FD5FFE79DF83F
:100C500010000007002808D5FFE709980168082060
:100C6000C860099800F066FAFFE7FFE79DF81C00EE
:100C7000800700280BD5FFE709980068C068800747
:100C800020B1FFE7099800F059FAFFE7FFE79DF868
:100C90001C004006002810D5FFE79DF80C00C00698
:100CA000002809D5FFE7089840F48060089009986B
:100CB000016810200861FFE7FFE79DF81C0080062F
:100CC00000280FD5FFE79DF80C000007002808D585
:100CD000FFE70998016808200861099800F032FAD6
:100CE000FFE7FFE79DF81C00C00600280BD5FFE7D3
:100CF000099800680069800720B1FFE7099800F0B3
:100D000025FAFFE7FFE79DF81E00800700280FD5B2
:100D1000FFE79DF81800C006002808D5FFE70998EE
:100D2000016810204860099800F014FAFFE7FFE717
:100D30009DF81E00C00778B1FFE79DF81800000776
:100D4000002808D5FFE7099801680820486009983D
:100D500000F062FAFFE7FFE79DF81D00000600289B
:100D600040F18D80FFE79DF818004007002840F112
:100D70008180FFE79DF81D00C00750B1FFE79DF897
:100D80000800C00728B1FFE7089840F0010008906C
:100D9000FFE79DF81D00800700280BD5FFE79DF8B1
:100DA00008008007002805D5FFE7089840F00200FA
:100DB0000890FFE79DF81D00400700280BD5FFE7CE
:100DC0009DF808004007002805D5FFE7089840F087
:100DD00004000890FFE79DF81D000007002848D593
:100DE000FFE79DF8080010F0700F42D0FFE702986F
:100DF00000F0700001460191102814D0FFE701981F
:100E0000202815D0FFE70198302816D0FFE7019879
:100E1000402817D0FFE70198502818D0FFE7019825
:100E2000602819D01DE0089840F00800089019E0EB
:100E3000089840F01000089014E0089840F0200056
:100E400008900FE0089840F0400008900AE00898E9
:100E500040F08000089005E0089840F48070089009
:100E600000E0FFE709980168886920F07000886158
:100E7000FFE7FFE70998016804204860FFE708984A
:100E800048B1FFE7089A0999486A104348620998EF
:100E9000FFF706FEFFE70AB080BD000080B584B012
:100EA0000290029820B9FFE701208DF80F00E0E0E2
:100EB000029890F8200020B9FFE7029800F0DEF8D1
:100EC000FFE702980168086840F00100086000F040
:100ED00053FF0190FFE7029800684068C007A8B977
:100EE000FFE700F049FF0199401A0B280DD3FFE7F7
:100EF0000299486A40F4003048620299052081F85E
:100F0000200001208DF80F00B3E0E4E702980168AB
:100F1000086820F00200086000F02EFF0190FFE753
:100F20000298006840688007002815D5FFE700F0A8
:100F300023FF0199401A0B280DD3FFE70299486A55
:100F400040F4003048620299052081F82000012019
:100F50008DF80F008DE0E3E70298007E012807D1AD
:100F6000FFE702980168086840F08000086006E02A
:100F700002980168086820F080000860FFE7029886
:100F8000407E012807D1FFE702980168086840F019
:100F90004000086006E002980168086820F0400000
:100FA0000860FFE70298807E012807D1FFE70298DA
:100FB0000168086840F02000086006E002980168B7
:100FC000086820F020000860FFE70298C07E012832
:100FD00007D1FFE702980168086820F01000086058
:100FE00006E002980168086840F010000860FFE71A
:100FF0000298007F012807D1FFE70298016808687E
:1010000040F00800086006E002980168086820F0D7
:1010100008000860FFE70298407F012807D1FFE73A
:1010200002980168086840F00400086006E0029831
:101030000168086820F004000860FFE7029B196857
:101040005A689868D3F80CC040EA0C00D3F810C076
:1010500040EA0C005B691843013A1043C8610299E9
:1010600000204862029A012182F820108DF80F00BA
:10107000FFE79DF80F0004B080BD000080B58CB084
:101080000B9000200A9009900890079006900B980A
:10109000006846F20041C4F20001884248D1FFE7EF
:1010A000FFE70020059043F64000C4F2020001680B
:1010B00041F000710160006800F000700590059833
:1010C000FFE7FFE70020049043F63000C4F202007F
:1010D000016841F001010160006800F00100049026
:1010E0000498FFE74FF4C0500690022007900020BC
:1010F000029008900320099009200A900020C4F271
:10110000020006A900F044FC029A14200090052178
:10111000019100F0F7FE009800F0EAFE0199029AB2
:101120001520039000F0EEFE039800F0E1FEFFE7CB
:101130000CB080BD81B0009001B0704781B00090CC
:1011400001B0704781B0009001B0704781B000904D
:1011500001B0704781B0009001B0704780B584B095
:101160000290029890F8200001282FD1FFE7029901
:10117000022081F8200002980168086820F0010030
:10118000086000F0F9FD0190FFE7029800684068F0
:10119000C007A8B1FFE700F0EFFD0199401A0B2846
:1011A0000DD3FFE70299486A40F400304862029983
:1011B000052081F8200001208DF80F000FE0E4E702
:1011C0000299002048628DF80F0008E00299486AF1
:1011D00040F40020486201208DF80F00FFE79DF8E1
:1011E0000F0004B080BD000081B0009001B07047D6
:1011F00081B0009001B0704781B0009001B070479D
:1012000081B0009001B0704781B0009001B070478C
:1012100081B0009001B0704781B0009001B070477C
:1012200080B584B002900298806D019000F0A4FD1A
:101230000090029890F8350002280DD0FFE702993F
:1012400080204865FFE70299002081F83400FFE71D
:1012500001208DF80F0055E002980168086820F021
:101260001600086002980168486920F08000486113
:101270000298006C20B9FFE70298806C38B1FFE754
:1012800002980168086820F008000860FFE70298EB
:101290000168086820F001000860FFE70298006814
:1012A0000068C007C8B1FFE700F066FD0099401A6A
:1012B000062811D3FFE702992020486502990320F0
:1012C00081F83500FFE70299002081F83400FFE73C
:1012D00003208DF80F0015E0E0E70298C16D3F2074
:1012E0008840019988600299012081F83500FFE764
:1012F0000299002081F83400FFE7FFE700208DF815
:101300000F00FFE79DF80F0004B080BD82B0009091
:10131000009890F83500022807D0FFE70099802058
:10132000486501208DF807000EE00099052081F83E
:10133000350000980168086820F001000860FFE7A8
:1013400000208DF80700FFE79DF8070002B0704706
:1013500080B586B005900020039040F20000C2F2F4
:101360000000006848F2B511C1F64E31A0FB011033
:10137000800A02900598806D0190019800680490A1
:1013800004980599C96DC840000700281AD5FFE7E1
:101390000598006800684007002812D5FFE7059807
:1013A0000168086820F0040008600598C16D0820F5
:1013B0008840019988600599486D40F001004865B2
:1013C000FFE7FFE704980599C96DC840C007A0B1C1
:1013D000FFE7059800684069000600280CD5FFE784
:1013E0000598C16D01208840019988600599486D74
:1013F00040F002004865FFE7FFE704980599C96DD2
:10140000C8404007002814D5FFE705980068006829
:10141000800700280CD5FFE70598C16D042088409F
:10142000019988600599486D40F004004865FFE720
:10143000FFE704980599C96DC840C006002847D544
:10144000FFE7059800680068000700283FD5FFE720
:101450000598C16D10208840019988600598006842
:101460000068400300281AD5FFE705980068006867
:101470000003002809D4FFE70598006C20B1FFE7BE
:101480000598016C8847FFE708E00598806C20B15B
:10149000FFE70598816C8847FFE7FFE716E00598AE
:1014A00000680068C005002807D4FFE705980168B8
:1014B000086820F008000860FFE70598006C20B17C
:1014C000FFE70598016C8847FFE7FFE7FFE7FFE7C5
:1014D00004980599C96DC8408006002840F18D80A8
:1014E000FFE7059800680068C006002840F1848086
:1014F000FFE70598C16D2020884001998860059814
:1015000090F83500052834D1FFE705980168086890
:1015100020F01600086005980168486920F08000F6
:1015200048610598006C20B9FFE70598806C38B1D8
:10153000FFE705980168086820F008000860FFE7E9
:101540000598C16D3F208840019988600599012068
:1015500081F83500FFE70599002081F83400FFE7A6
:101560000598006D20B1FFE70598016D8847FFE7FA
:101570007BE0059800680068400300281AD5FFE763
:101580000598006800680003002809D4FFE7059863
:10159000406C20B1FFE70598416C8847FFE708E001
:1015A0000598C06B20B1FFE70598C16B8847FFE73E
:1015B000FFE720E0059800680068C005002811D406
:1015C000FFE705980168086820F010000860059999
:1015D000012081F83500FFE70599002081F83400EB
:1015E000FFE7FFE70598C06B20B1FFE70598C16BE7
:1015F0008847FFE7FFE7FFE7FFE70598406DA0B3E7
:10160000FFE70598406DC00730B3FFE70599052057
:1016100081F8350005980168086820F0010008602D
:10162000FFE70398013003900299884201D9FFE750
:1016300007E0FFE7059800680068C0070028F0D1C0
:10164000FFE70599012081F83500FFE705990020A3
:1016500081F83400FFE7FFE70598C06C20B1FFE791
:101660000598C16C8847FFE7FFE706B080BD000022
:1016700080B586B004900020039000F07DFB0290BE
:10168000049820B9FFE701208DF81700A3E0049823
:10169000406A08B1FFE7FFE70499022081F83500AE
:1016A000FFE70499002081F83400FFE704980168FF
:1016B000086820F001000860FFE7049800680068EF
:1016C000C00790B1FFE700F057FB0299401A0628C7
:1016D0000AD3FFE70499202048650499032081F884
:1016E00035008DF8170076E0E7E704980068006899
:1016F0000390039848F23F01CFF210010840039095
:10170000049900914868D1F808C0CB680A6940EA9A
:101710000C00184310434A6910438A691043CA6990
:101720001043096A01430398084303900498406AF0
:10173000042808D1FFE70499C86A096B014303989C
:1017400008430390FFE70398049909680860049828
:10175000006840690390039820F007000390049804
:10176000416A0398084303900498406A04281AD1F8
:10177000FFE70498816A0398084303900498C06ABD
:1017800080B1FFE70498FEF739FF50B1FFE70499F5
:10179000402048650499012081F835008DF8170034
:1017A00019E0FFE7FFE70398049909684861049886
:1017B000FEF7F8FE01900498C16D3F208840019922
:1017C0008860049900204865049A012182F8351048
:1017D0008DF81700FFE79DF8170006B080BD0000E8
:1017E00080B588B0069005910492039300208DF88F
:1017F0000B000698806D0190FFE7069890F8340082
:10180000012804D1FFE702208DF81F0045E006996A
:10181000012081F83400FFE7FFE7069890F83500D3
:1018200001282BD1FFE70699022081F8350006999F
:101830000020486506980599049A039BFEF756FF19
:101840000698C16D3F20884001998860069801681C
:10185000086840F0160008600698006C38B1FFE791
:1018600006980168086840F008000860FFE70698DD
:101870000168086840F00100086009E0FFE7069988
:10188000002081F83400FFE702208DF80B00FFE70D
:101890009DF80B008DF81F00FFE79DF81F0008B0B2
:1018A00080BD000080B584B0039000F065FA02901E
:1018B000039801900198013048B1FFE740F205001C
:1018C000C2F200000178019808440190FFE7FFE7A9
:1018D00000F052FA0299401A0199884201D2FFE7BA
:1018E000F6E704B080BD000080B582B0ADF8060018
:1018F000BDF80600B0F5806F2CD1FFE700F03CFA90
:1019000040F66421C2F20001087040F2EF40C2F2DA
:1019100000000078012814D1FFE700F02DFA40F60E
:101920006421C2F200010978401A40F66521C2F232
:101930000001087040F2EF41C2F20001002008707F
:1019400007E040F2EF41C2F2000108780130087070
:10195000FFE7FFE702B080BD80B582B0ADF80600BA
:1019600043F61440C4F201000068BDF806100842B6
:101970000CD0FFE7BDF8060043F61441C4F20101A4
:101980000860BDF80600FFF7AFFFFFE702B080BDBB
:101990008EB00D900C9100200A90099008900B9049
:1019A000FFE70B980F2800F2CC81FFE70B9901208D
:1019B00088400A900C9800680A9908400990099894
:1019C0000A99884240F0B881FFE70C98406800F01F
:1019D0000300012807D0FFE70C98406800F00300DF
:1019E00002282FD1FFE70D98806808900B984100DE
:1019F000032000FA01F10898884308900C98C06809
:101A00000B99490000FA01F10898084308900898DA
:101A10000D9988600D98406808900B99012000FA94
:101A200001F10898884308900C984068C0F30010B2
:101A30000B9900FA01F108980843089008980D994D
:101A40004860FFE70C98406800F00300032818D0B6
:101A5000FFE70D98C06808900B984100032000FA3A
:101A600001F10898884308900C9880680B99490008
:101A700000FA01F108980843089008980D99C86089
:101A8000FFE70C98406800F00300022826D1FFE72A
:101A90000D980B996FF0030202EA51010844006AA5
:101AA00008900B9800F0070081000F2000FA01F168
:101AB0000898884308900C9800690B9901F0070179
:101AC000890000FA01F108980843089008980D99D8
:101AD0000B9B02EA530211440862FFE70D9800686D
:101AE00008900B984100032000FA01F10898884300
:101AF00008900C98406800F003000B99490000FA28
:101B000001F108980843089008980D9908600C980E
:101B100080798007002800F00E81FFE7FFE70020B2
:101B2000079043F64400C4F20200016841F480418A
:101B30000160006800F4804007900798FFE70B9869
:101B400020F0030043F60801C4F201014058089058
:101B50000B9800F0030081000F2000FA01F10898B3
:101B6000884308900D980021C4F20201884203D1F5
:101B7000FFE7002006905EE00D9840F20041C4F2BD
:101B80000201884203D1FFE70120059050E00D9843
:101B900040F60001C4F20201884203D1FFE70220AF
:101BA000049042E00D9840F60041C4F202018842E0
:101BB00003D1FFE70320039034E00D9841F20001C8
:101BC000C4F20201884203D1FFE70420029026E01C
:101BD0000D9841F20041C4F20201884203D1FFE7AF
:101BE0000520019018E00D9841F60001C4F20201B1
:101BF000884203D1FFE7062000900AE00D9941F6E4
:101C00000042C4F202020820914208BF072000905F
:101C1000FFE700980190FFE701980290FFE7029824
:101C20000390FFE703980490FFE704980590FFE70F
:101C300005980690FFE70698C0B20B9901F00301E2
:101C4000890000FA01F108980843089008980B9958
:101C500021F0030143F60802C4F20102885043F662
:101C60000840C4F201000068089009990898884368
:101C700008900C988079C006002805D5FFE70999DF
:101C8000089808430890FFE7089843F60841C4F213
:101C90000101086043F60C40C4F20100006808909E
:101CA00009990898884308900C9880798006002844
:101CB00005D5FFE70999089808430890FFE70898B9
:101CC00043F60C41C4F20101086043F60440C4F23B
:101CD00001000068089009990898884308900C98BA
:101CE00080798007002805D5FFE7099908980843FF
:101CF0000890FFE7089843F60441C4F20101086028
:101D000043F60040C4F20100006808900999089861
:101D1000884308900C988079C00728B1FFE709999B
:101D2000089808430890FFE7089843F60041C4F27A
:101D300001010860FFE7FFE7FFE70B9801300B9018
:101D40002FE60EB07047000082B00190ADF802108F
:101D50008DF801209DF8010028B1FFE7BDF80200D1
:101D60000199886105E0BDF80200000401998861CD
:101D7000FFE702B07047000044F26C60C2F200005E
:101D80000068704780B543F60041C4F2020108685C
:101D900040F400700860086840F4806008600868DB
:101DA00040F480700860032000F0C6F80F2000F0B7
:101DB00005F800F071F8002080BD000080B58CB0FF
:101DC0000B90002005900490FFE70020019043F65F
:101DD0004400C4F20200016841F0010101600068A2
:101DE00000F0010001900198FFE706A803A900F0A8
:101DF000DDF900F01DFA4000059005984DF683616D
:101E0000C4F21B31A0FB01014FF0FF3000EB914009
:101E1000049040F2CC30C2F200000021C4F2010173
:101E2000016040F2E731C160049941600021016125
:101E30008160816100F07CFE8DF80B009DF80B0045
:101E400028BBFFE740F2CC30C2F2000000F000FFF8
:101E50008DF80B009DF80B00C0B9FFE7192000F0CA
:101E600047F80B980F280CD8FFE70B991920002290
:101E700000F048F80B9840F20801C2F20001086037
:101E800003E001208DF80B00FFE7FFE7FFE79DF877
:101E90000B000CB080BD000080B582B0FFE70020D1
:101EA000019043F64400C4F20200016841F480410D
:101EB0000160006800F4804001900198FFE7FFE7AF
:101EC0000020009043F64000C4F20200016841F097
:101ED00080510160006800F0805000900098FFE79A
:101EE0006FF001000F21002200F00CF802B080BD5D
:101EF00080B582B08DF807009DF9070003F008FB5C
:101F000002B080BD80B586B08DF8170004910392B1
:101F10000020029003F014FB02909DF9170001903D
:101F200002980499039A02F009FA0146019803F015
:101F30000FFB06B080BD000080B582B00190019813
:101F400003F04AFB02B080BD80B584B002900191DD
:101F5000029820B9FFE701208DF80F0021E10198D8
:101F600043F60041C4F20201096801F0070188420A
:101F700012D9FFE7019943F60040C4F20200017054
:101F8000006800F007000199884204D0FFE70120B3
:101F90008DF80F0005E1FFE7029800788007002820
:101FA0002AD5FFE7029800784007002809D5FFE707
:101FB00043F60801C4F20201086840F4E0500860EA
:101FC000FFE7029800780007002809D5FFE743F6ED
:101FD0000801C4F20201086840F460400860FFE7AD
:101FE00043F60801C4F20201086820F0F000029AEA
:101FF000926810430860FFE702980078C007002845
:102000006ED0FFE702984068012811D1FFE743F640
:102010000000C4F20200006800F400310020B0EBC0
:10202000514F04D1FFE701208DF80F00B9E02CE0FB
:1020300002984068022805D0FFE70298406803280C
:1020400011D1FFE743F60000C4F20200006800F07F
:1020500000710020B0EB516F04D1FFE701208DF833
:102060000F009EE010E043F60000C4F2020000689A
:1020700000F002010020B0EB510F04D1FFE7012076
:102080008DF80F008DE0FFE7FFE743F60801C4F28B
:102090000201086820F00300029A526810430860A9
:1020A000FFF76AFE0090FFE743F60800C4F2020063
:1020B000006800F00C0002994968B0EB810F0ED067
:1020C000FFE7FFF759FE0099401A41F28931884233
:1020D00004D3FFE703208DF80F0062E0E4E7FFE799
:1020E000019843F60041C4F20201096801F00701BA
:1020F000884212D2FFE7019943F60040C4F2020081
:102100000170006800F007000199884204D0FFE7E1
:1021100001208DF80F0044E0FFE7029800784007A7
:1021200000280CD5FFE743F60801C4F20201086855
:1021300020F4E050029AD26810430860FFE702984A
:102140000078000700280DD5FFE743F60801C4F228
:102150000201086820F46040029A126940EAC20055
:102160000860FFE700F076F843F60801C4F20201C8
:102170000968C9B20A0949F2A071C0F60001895C78
:10218000C84040F20001C2F20001086040F20800BD
:10219000C2F200000068FFF711FE00208DF80F006A
:1021A000FFE79DF80F0004B080BD000082B00190F1
:1021B000009101990F20086043F60800C4F2020064
:1021C000016801F00301019A5160016801F0F0011A
:1021D000019A9160016801F4E051019AD1600068B0
:1021E00000F46040C0080199086143F60040C4F261
:1021F0000200006800F007000099086002B0704714
:1022000040F20000C2F200000068704780B5FFF79E
:10221000F7FF43F60801C4F202010968C1F3822204
:1022200049F2B071C0F60001895CC84080BD000071
:1022300080B5FFF7E5FF43F60801C4F20201096823
:1022400089B24A0B49F2B071C0F60001895CC840FE
:1022500080BD000080B586B00020059004900390FA
:10226000029043F60800C4F20200006800F00C007F
:102270000146019140B1FFE7019804280AD0FFE729
:10228000019808280CD04FE042F20040C0F2F40060
:1022900002904FE047F64000C0F27D10029049E006
:1022A00043F60400C4F20200016801F03F01059109
:1022B00000684002002813D5FFE743F60400C4F28B
:1022C00002000068C0F3881047F64001C0F27D119B
:1022D000A0FB0101059A0023FDF7C6FF049012E060
:1022E00043F60400C4F202000068C0F3881042F212
:1022F0000041C0F2F401A0FB0101059A0023FDF7A3
:10230000B3FF0490FFE743F60400C4F20200006844
:1023100000F44031022000EBD1300390049803997F
:10232000B0FBF1F0029005E042F20040C0F2F40090
:102330000290FFE7029806B080BD000080B586B02D
:102340000490049820B9FFE701208DF8170050E3AE
:1023500004980078C007002800F0A580FFE743F646
:102360000800C4F20200006800F00C00042813D03A
:10237000FFE743F60800C4F20200006800F00C001A
:1023800008281ED1FFE743F60400C4F202000068EB
:102390004002002815D5FFE743F60000C4F2020012
:1023A000006800F400310020B0EB514F08D0FFE787
:1023B0000498406820B9FFE701208DF8170018E362
:1023C00070E0FFE704984068B0F5803F09D1FFE76F
:1023D00043F60001C4F20201086840F4803008604E
:1023E00020E004984068B0F5A02F0DD1FFE743F638
:1023F0000001C4F20201086840F480200860086807
:1024000040F4803008600CE043F60001C4F20201A1
:10241000086820F480300860086820F48020086094
:10242000FFE7FFE7FFE704984068E8B1FFE7FFF741
:10243000A3FC0390FFE743F60000C4F2020000682B
:1024400000F400310020B0EB514F0CD1FFE7FFF753
:1024500093FC0399401A652804D3FFE703208DF805
:102460001700C6E2E7E71CE0FFF786FC0390FFE7F2
:1024700043F60000C4F20200006800F400310020BE
:10248000B0EB514F0CD0FFE7FFF776FC0399401AF1
:10249000652804D3FFE703208DF81700A9E2E7E7DA
:1024A000FFE7FFE7FFE7049800788007002840F186
:1024B0009680FFE743F60800C4F20200006810F0BF
:1024C0000C0F13D0FFE743F60800C4F202000068C7
:1024D00000F00C0008282CD1FFE743F60400C4F2FA
:1024E000020000684002002823D4FFE743F6000002
:1024F000C4F20200006800F002010020B0EB510FAE
:1025000009D0FFE70498C068012804D0FFE7012044
:102510008DF817006DE243F60001C4F2020108686D
:1025200020F0F800049A126940EAC2000860FFE750
:1025300054E00498C06870B3FFE70021C4F247215B
:1025400001200860FFF718FC0390FFE743F6000046
:10255000C4F20200006800F002010020B0EB510F4D
:102560000CD1FFE7FFF708FC0399401A032804D3B6
:10257000FFE703208DF817003BE2E7E743F6000191
:10258000C4F20201086820F0F800049A126940EAD7
:10259000C200086021E00021C4F247210020086049
:1025A000FFF7EAFB0390FFE743F60000C4F20200E6
:1025B000006800F002010020B0EB510F0CD0FFE7E3
:1025C000FFF7DAFB0399401A032804D3FFE703203F
:1025D0008DF817000DE2E7E7FFE7FFE7FFE7049854
:1025E0000078000700284BD5FFE70498406918B32E
:1025F000FFE740F68061C4F2472101200860FFF741
:10260000BBFB0390FFE743F67400C4F202000068CE
:1026100000F002010020B0EB510F0CD1FFE7FFF7F3
:10262000ABFB0399401A032804D3FFE703208DF87E
:102630001700DEE1E7E722E040F68061C4F24721BF
:1026400000200860FFF798FB0390FFE743F6740053
:10265000C4F20200006800F002010020B0EB510F4C
:102660000CD0FFE7FFF788FB0399401A032804D337
:10267000FFE703208DF81700BBE1E7E7FFE7FFE77F
:10268000049800784007002840F1CE80FFE7002042
:102690008DF8070043F64000C4F202000068C00055
:1026A000002815D4FFE7FFE70020009043F6400024
:1026B000C4F20200016841F080510160006800F03E
:1026C000805000900098FFE701208DF80700FFE799
:1026D00047F20000C4F200000068C005002822D4C0
:1026E000FFE747F20001C4F20001086840F480707F
:1026F0000860FFF741FB0390FFE747F20000C4F2D8
:1027000000000068C00500280CD4FFE7FFF734FB89
:102710000399401A032804D3FFE703208DF817001C
:1027200067E1EAE7FFE7FFE704988068012809D13D
:10273000FFE743F67001C4F20201086840F00100AF
:1027400008601FE00498806805280DD1FFE743F674
:102750007001C4F20201086840F0040008600868D3
:1027600040F0010008600CE043F67001C4F2020181
:10277000086820F001000860086820F00400086084
:10278000FFE7FFE7FFE704988068F8B1FFE7FFF78E
:10279000F3FA0390FFE743F67000C4F2020000680A
:1027A00000F002010020B0EB510F0ED1FFE7FFF760
:1027B000E3FA0399401A41F28931884204D3FFE7D2
:1027C00003208DF8170014E1E5E71EE0FFF7D4FAC7
:1027D0000390FFE743F67000C4F20200006800F0C7
:1027E00002010020B0EB510F0ED0FFE7FFF7C4FA53
:1027F0000399401A41F28931884204D3FFE703204C
:102800008DF81700F5E0E5E7FFE79DF807000128E0
:1028100009D1FFE743F64001C4F20201086820F045
:1028200080500860FFE7FFE704988069002800F007
:10283000DC80FFE743F60800C4F20200006800F005
:102840000C00082800F08580FFE7049880690228C2
:102850005CD1FFE76021C4F2472100200860FFF748
:102860008BFA0390FFE743F60000C4F20200006811
:1028700000F000710020B0EB516F0CD0FFE7FFF7C4
:102880007BFA0399401A032804D3FFE703208DF84D
:102890001700AEE0E7E70499C869D1F820C04B6A99
:1028A0008A6A40EA0C0040EA8310D2034FF6FF73B5
:1028B0009A43A2F580321043C96A40EA016043F6A8
:1028C0000401C4F2020108606021C4F24721012022
:1028D0000860FFF751FA0390FFE743F60000C4F2E7
:1028E0000200006800F000710020B0EB516F0CD1C5
:1028F000FFE7FFF741FA0399401A032804D3FFE7E3
:1029000003208DF8170074E0E7E721E06021C4F2AE
:10291000472100200860FFF72FFA0390FFE743F6F6
:102920000000C4F20200006800F000710020B0EB6B
:10293000516F0CD0FFE7FFF71FFA0399401A0328E5
:1029400004D3FFE703208DF8170052E0E7E7FFE725
:102950004AE004988069012804D1FFE701208DF83E
:10296000170046E043F60400C4F20200006802903B
:1029700004988069012831D0FFE7029800F48000B4
:102980000499C969884229D1FFE7029800F03F0005
:102990000499096A884221D1FFE7029847F6C0717D
:1029A00008400499496AB0EB811F17D1FFE70298EC
:1029B00000F440300499896AC9034FF6FF729143CD
:1029C000A1F58031884209D1FFE7029800F07060DC
:1029D0000499C96AB0EB016F04D0FFE701208DF8BC
:1029E000170006E0FFE7FFE7FFE700208DF817007C
:1029F000FFE79DF8170006B080BD000081B0009091
:102A000001B0704781B0009001B0704785B003906D
:102A10000291FFE7039890F83C00012804D1FFE7FA
:102A200002208DF813007EE00399012081F83C001C
:102A3000FFE7FFE70399022081F83D000398006853
:102A4000406801900398006880680090019820F029
:102A50007000019002980168019808430190019864
:102A6000039909684860039800680021C4F20101D5
:102A700088423CD0FFE703980068B0F1804F36D021
:102A8000FFE70398006840F20041C4F20001884269
:102A90002DD0FFE70398006840F60001C4F2000162
:102AA000884224D0FFE70398006840F60041C4F252
:102AB000000188421BD0FFE70398006840F2004104
:102AC000C4F20101884212D0FFE70398006844F283
:102AD0000001C4F20101884209D0FFE703980068B1
:102AE00041F60001C4F2000188420ED1FFE70098D0
:102AF00020F0800000900298416800980843009000
:102B00000098039909688860FFE70399012081F81C
:102B10003D00FFE70399002081F83C00FFE700201B
:102B20008DF81300FFE79DF8130005B07047000013
:102B300080B582B00090009820B9FFE701208DF8A1
:102B400007003FE0009890F83D0040B9FFE700998A
:102B5000002081F83C00009800F038F8FFE7009969
:102B6000022081F83D00009951F8040B01F0FCFCB3
:102B70000099012081F84600FFE70099012081F8C3
:102B80003E00009981F83F00009981F840000099CB
:102B900081F84100FFE7FFE70099012081F842003A
:102BA000009981F84300009981F84400009981F868
:102BB0004500FFE70099012081F83D0000208DF8D5
:102BC0000700FFE79DF8070002B080BD80B584B024
:102BD000039003980068B0F1804F1BD1FFE7FFE737
:102BE0000020029043F64000C4F20200016841F068
:102BF00001010160006800F0010002900298FFE707
:102C00001C20009005210022FFF77CF90098FFF7B7
:102C10006FF91BE00398006840F20041C4F2000124
:102C2000884212D1FFE7FFE70020019043F6400001
:102C3000C4F20200016841F002010160006800F086
:102C4000020001900198FFE7FFE7FFE704B080BDB5
:102C500083B00190019890F83D00012804D0FFE76F
:102C600001208DF80B006AE00199022081F83D00F7
:102C700001980168C86840F00100C86001980068C8
:102C80000021C4F2010188423CD0FFE701980068AE
:102C9000B0F1804F36D0FFE70198006840F2004164
:102CA000C4F2000188422DD0FFE70198006840F689
:102CB0000001C4F20001884224D0FFE701980068B7
:102CC00040F60041C4F2000188421BD0FFE70198A2
:102CD000006840F20041C4F20101884212D0FFE7CF
:102CE0000198006844F20001C4F20101884209D051
:102CF000FFE70198006841F60001C4F20001884234
:102D000012D1FFE701980068806800F0070000908A
:102D10000098062807D0FFE701980168086840F08E
:102D200001000860FFE706E001980168086840F0CC
:102D300001000860FFE700208DF80B00FFE79DF819
:102D40000B0003B07047000080B586B0049003917B
:102D500000208DF80B00FFE7049890F83C00012854
:102D600004D1FFE702208DF81700ABE004990120A1
:102D700081F83C00FFE7FFE70499022081F83D005D
:102D80000498006880680190019820F07700019015
:102D9000019820F47F4001900198049909688860A7
:102DA000039800680090002872D0FFE70098102870
:102DB0006ED0FFE7009820286AD0FFE700983028FF
:102DC00066D0FFE70098402855D0FFE700985028CC
:102DD00037D0FFE70098602840D0FFE700987028C0
:102DE0000BD0FFE70098B0F5805F05D0FFE70098B3
:102DF000B0F5005F16D052E055E004980068039BE0
:102E00005A689968DB6801F09DFC04980068806846
:102E10000190019840F077000190019804990968A9
:102E2000886040E004980068039B5A689968DB68F2
:102E300001F088FC04980168886840F4804088604C
:102E400031E004980068039A5168D26801F036FFB7
:102E500004980068502101F08FFC24E00498006879
:102E6000039A5168D26801F051FF0498006860210C
:102E700001F082FC17E004980068039A5168D26858
:102E800001F01CFF04980068402101F075FC0AE085
:102E9000049800680399096801F06EFC03E00120C2
:102EA0008DF80B00FFE70499012081F83D00FFE752
:102EB0000499002081F83C00FFE79DF80B008DF895
:102EC0001700FFE79DF8170006B080BD83B00190A2
:102ED0000091FFE7019890F83C00012804D1FFE73A
:102EE00002208DF80B001BE00199012081F83C00C5
:102EF000FFE7FFE70199022081F83D000098019962
:102F0000096848610199012081F83D00FFE70199B6
:102F1000002081F83C00FFE700208DF80B00FFE760
:102F20009DF80B0003B0704781B0009001B070476E
:102F300080B584B0039003980068C068029003983D
:102F40000068006901909DF804008007002824D5DE
:102F5000FFE79DF80800800700281DD5FFE70398CC
:102F600001686FF002000861039901200877039857
:102F700000688069800720B1FFE70398FFF7D4FF5E
:102F800006E0039800F016F9039800F00BFAFFE74B
:102F9000039900200877FFE7FFE79DF8040040074A
:102FA000002825D5FFE79DF80800400700281ED51A
:102FB000FFE7039801686FF004000861039902209D
:102FC000087703980068806910F4407F04D0FFE719
:102FD0000398FFF7A9FF06E0039800F0EBF80398C9
:102FE00000F0E0F9FFE7039900200877FFE7FFE72B
:102FF0009DF804000007002824D5FFE79DF808008D
:10300000000700281DD5FFE7039801686FF008004E
:10301000086103990420087703980068C069800755
:1030200020B1FFE70398FFF77FFF06E0039800F069
:10303000C1F8039800F0B6F9FFE70399002008777C
:10304000FFE7FFE79DF80400C006002825D5FFE74D
:103050009DF80800C00600281ED5FFE70398016808
:103060006FF0100008610399082008770398006842
:10307000C06910F4407F04D0FFE70398FFF754FFC6
:1030800006E0039800F096F8039800F08BF9FFE74C
:10309000039900200877FFE7FFE79DF80400C007C9
:1030A00078B1FFE79DF80800C00748B1FFE7039833
:1030B00001686FF001000861039800F05DFAFFE716
:1030C000FFE79DF804000006002810D5FFE79DF8F3
:1030D00008000006002809D5FFE7039801686FF093
:1030E000800008610398FFF789FCFFE7FFE79DF880
:1030F00004004006002810D5FFE79DF808004006B0
:10310000002809D5FFE7039801686FF040000861C7
:10311000039800F04DFAFFE7FFE79DF804008006F2
:10312000002810D5FFE79DF808008006002809D583
:10313000FFE7039801686FF0200008610398FFF72C
:1031400061FCFFE7FFE704B080BD000080B588B0F8
:103150000790002006900590049003900290079835
:10316000006840F20041C4F20001884220D1FFE72C
:10317000FFE70020019043F63000C4F2020001682E
:1031800041F001010160006800F001000190019828
:10319000FFE7C020029002200390002104910591D6
:1031A00006900020C4F2020002A9FEF7F1FBFFE73F
:1031B00008B080BD81B0009001B0704780B586B086
:1031C00004900391029200208DF80700FFE7049815
:1031D00090F83C00012804D1FFE702208DF8170089
:1031E00089E00499012081F83C00FFE7FFE702989D
:1031F00000900C2800F270800099DFE801F0076D64
:103200006D6D206D6D6D3A6D6D6D530004980068A5
:10321000039901F0C7FA04980168886940F0080032
:10322000886104980168886920F004008861039827
:1032300002690498016888691043886150E0049825
:103240000068039901F024FB04980168886940F440
:103250000060886104980168886920F48060886152
:103260000398026904980168886940EA022088612D
:1032700036E004980068039901F084FB0498016823
:10328000C86940F00800C86104980168C86920F066
:103290000400C8610398026904980168C869104372
:1032A000C8611DE004980068039901F0E5FB0498EB
:1032B0000168C86940F40060C86104980168C86981
:1032C00020F48060C8610398026904980168C869A5
:1032D00040EA0220C86103E001208DF80700FFE703
:1032E000FFE70499002081F83C00FFE79DF8070004
:1032F0008DF81700FFE79DF8170006B080BD0000AD
:1033000080B582B00090009820B9FFE701208DF8C9
:1033100007003FE0009890F83D0040B9FFE70099B2
:10332000002081F83C00009800F038F8FFE7009991
:10333000022081F83D00009951F8040B01F014F9C6
:103340000099012081F84600FFE70099012081F8EB
:103350003E00009981F83F00009981F840000099F3
:1033600081F84100FFE7FFE70099012081F8420062
:10337000009981F84300009981F84400009981F890
:103380004500FFE70099012081F83D0000208DF8FD
:103390000700FFE79DF8070002B080BD81B00090F4
:1033A00001B0704781B0009001B0704780B58CB01B
:1033B0000A900991099828B9FFE70A9890F83E0009
:1033C00007901CE00998042805D1FFE70A9890F8B7
:1033D0003F00069010E00998082805D1FFE70A98F9
:1033E00090F84000059004E00A9890F8410005909C
:1033F000FFE705980690FFE706980790FFE7079814
:10340000012804D0FFE701208DF82F00AFE00998D4
:1034100028B9FFE70A99022081F83E001EE00998CA
:10342000042806D1FFE70A99022081F83F000490A2
:1034300012E00998082806D1FFE70A99022081F8CE
:103440004000039005E00A99022081F841000390B2
:10345000FFE703980490FFE70498FFE70A980068E5
:1034600009990122019201F051F901980A9909681C
:103470000022C4F20102914202900CD0FFE70A98A8
:1034800000684FF60041CBF6FE710844B0FA80F0B8
:1034900040090290FFE70298C00738B1FFE70A9899
:1034A0000168486C40F400404864FFE70A980068EF
:1034B0000021C4F2010188423CD0FFE70A9800686D
:1034C000B0F1804F36D0FFE70A98006840F2004123
:1034D000C4F2000188422DD0FFE70A98006840F648
:1034E0000001C4F20001884224D0FFE70A98006876
:1034F00040F60041C4F2000188421BD0FFE70A9861
:10350000006840F20041C4F20101884212D0FFE796
:103510000A98006844F20001C4F20101884209D00F
:10352000FFE70A98006841F60001C4F200018842F2
:1035300012D1FFE70A980068806800F00700089041
:103540000898062807D0FFE70A980168086840F045
:1035500001000860FFE706E00A980168086840F08B
:1035600001000860FFE700208DF82F00FFE79DF8BD
:103570002F000CB080BD000080B582B00190019892
:1035800000680021C4F20101884204D1FFE70198DC
:1035900001F0C4FAFFE701980068B0F1804F04D150
:1035A000FFE7019801F032FBFFE702B080BD0000A9
:1035B00081B0009001B0704780B586B0049003914F
:1035C000ADF80A20049890F84200202848D1FFE77F
:1035D000039820B1FFE7BDF80A0020B9FFE70120FA
:1035E0008DF8170040E00499012008630499002039
:1035F000486304980399BDF80A2001F06BFE8DF82A
:1036000009000498006B012821D1FFE7FFE70020A3
:103610000190049800680068019004980068406870
:1036200001900198FFE7FFE7FFE70498006850E882
:10363000030F40F010000090FFE700990498026823
:1036400042E803100028F0D1FFE7FFE703E0012084
:103650008DF80900FFE79DF809008DF8170003E0D9
:1036600002208DF81700FFE79DF8170006B080BD17
:1036700080B582B00190ADF802100198006841F267
:103680000001C4F20101884239D1FFE740F65C2015
:10369000C2F200000078AA2825D1FFE701208DF8AA
:1036A0000100FFE79DF80100BDF80210884219DA19
:1036B000FFE79DF8011040F65C20C2F20000405C7C
:1036C000012808D1FFE740F2CC21C2F200010878BE
:1036D00001300870FFE7FFE79DF8010001308DF829
:1036E0000100DFE7FFE740F2A440C2F2000040F62D
:1036F0005C21C2F200010522FFF75EFFFFE702B086
:1037000080BD000081B0009001B0704780B592B0DC
:103710001190119800680068109011980068C068B6
:103720000F901198006840690E9000200D900C9049
:10373000109800F00F000D900D9888B9FFE79DF8E4
:103740004000800600280AD5FFE79DF83C0080066F
:10375000002804D5FFE7119801F05CFC02E2FFE7C6
:103760000D98002800F0C280FFE79DF83800C007E0
:1037700038B9FFE7BDF83C0010F4907F00F0B68048
:10378000FFE79DF84000C00758B1FFE79DF83D00F6
:10379000C00730B1FFE71199486C40F00100486460
:1037A000FFE79DF84000400700280BD5FFE79DF894
:1037B0003800C00730B1FFE71199486C40F00200B3
:1037C0004864FFE79DF84000800700280BD5FFE71D
:1037D0009DF83800C00730B1FFE71199486C40F000
:1037E00004004864FFE79DF840000007002811D559
:1037F000FFE79DF83C008006002805D4FFE79DF810
:103800003800C00730B1FFE71199486C40F008005C
:103810004864FFE71198406C002866D0FFE79DF8E8
:103820004000800600280AD5FFE79DF83C0080068E
:10383000002804D5FFE7119801F0ECFBFFE7119891
:1038400000684069C0F380100C901198406C00072C
:10385000002804D4FFE70C9800283ED0FFE7119819
:1038600001F05EFB119800684069400600282FD5E2
:10387000FFE7FFE7FFE71198006850E8050F20F029
:1038800040000B90FFE70B991198026842E8051081
:103890000028F0D1FFE7FFE71198C06B98B1FFE770
:1038A0001198C16B44F66150C0F60000086511988C
:1038B000C06BFDF72BFD28B1FFE71198C06B016DC0
:1038C0008847FFE703E01198FFF71CFFFFE703E0DD
:1038D0001198FFF717FFFFE706E01198FFF712FFB7
:1038E000119900204864FFE7FFE73BE11198006B66
:1038F000012840F01781FFE79DF84000C00600282E
:1039000040F11081FFE79DF83C00C006002840F11F
:103910000981FFE7FFE700200A901198006800681E
:103920000A901198006840680A900A98FFE7119879
:10393000006840694006002840F19A80FFE711982E
:10394000C06B00684068ADF82600BDF8260000286E
:1039500075D0FFE7BDF826001199898D88426EDA8F
:10396000FFE7BDF826001199C8851198C06BC069A2
:10397000B0F5807F58D0FFE7FFE7FFE711980068B8
:1039800050E8030F20F480700890FFE70899119821
:10399000026842E803100028F0D1FFE7FFE7FFE7E5
:1039A000FFE71198006850E8050F20F0010007902C
:1039B000FFE707991198026842E805100028F0D146
:1039C000FFE7FFE7FFE7FFE71198006850E8050F02
:1039D00020F040000690FFE706991198026842E83F
:1039E00005100028F0D1FFE7FFE71199202081F8AA
:1039F0004200119900200863FFE7FFE71198006873
:103A000050E8030F20F010000590FFE7059911988A
:103A1000026842E803100028F0D1FFE7FFE71198A1
:103A2000C06BFDF7FDFBFFE7119902204863119879
:103A3000818DC28D891A89B2FFF71AFE17E0BDF891
:103A400026001199898D884210D1FFE71198C06B2B
:103A5000C069B0F5807F08D1FFE711990220486363
:103A60001198818DFFF704FEFFE7FFE7FFE779E09C
:103A70001199888DC98D401AADF812001198C08D2A
:103A800000284ED0FFE7BDF81200002849D0FFE71C
:103A9000FFE7FFE71198006850E8030F20F49070EB
:103AA0000390FFE703991198026842E80310002889
:103AB000F0D1FFE7FFE7FFE7FFE71198006850E864
:103AC000050F20F001000290FFE7029911980268AB
:103AD00042E805100028F0D1FFE7FFE71199202008
:103AE00081F84200119900200863FFE7FFE7119871
:103AF000006850E8030F20F010000190FFE70199E3
:103B00001198026842E803100028F0D1FFE7FFE7B0
:103B10001199022048631198BDF81210FFF7A8FD13
:103B2000FFE71FE09DF84000000600280AD5FFE7E8
:103B30009DF83C000006002804D5FFE7119801F02D
:103B400093FC0FE09DF84000400600280AD5FFE7EF
:103B50009DF83C004006002804D5FFE7119801F0CD
:103B600029FAFFE712B080BD80B582B000900098BE
:103B700020B9FFE701208DF8070040E00098806938
:103B800008B1FFE700E0FFE7009890F8410040B976
:103B9000FFE70099002081F84000009800F034F819
:103BA000FFE70099242081F8410000980168C86867
:103BB00020F40050C860009801F0E0FA0098016815
:103BC000086920F49040086100980168486920F075
:103BD0002A00486100980168C86840F40050C86035
:103BE000009900204864009A202182F84110009A30
:103BF00082F84210009948638DF80700FFE79DF8AE
:103C0000070002B080BD000080B592B01190002086
:103C100010900F900E900D900C901198006841F24A
:103C20000001C4F20101884240F0AC80FFE7FFE7E9
:103C300000200B9043F64400C4F20200016841F0FA
:103C400010010160006800F010000B900B98FFE776
:103C5000FFE700200A9043F63000C4F2020001683A
:103C600041F001010160006800F001000A900A982B
:103C7000FFE74FF400700C90022002900D9000209E
:103C800008900E90032003900F900720049010904E
:103C90000020C4F2020005900CA90691FDF778FE01
:103CA000DDF808C0039B049A059806994FF4806ECE
:103CB000CDF81CE0CDF830E0CDF834C04FF0010C69
:103CC000CDF838C00F931092FDF762FE079A08995D
:103CD00040F20C30C2F20000099046F24043C4F2B8
:103CE000020303604FF0006343608160C1600261C2
:103CF00041618161C16101624162FDF7B9FC18B1A6
:103D0000FFE7FCF723FDFFE7FFE7119840F20C31D6
:103D1000C2F20001C16311988863FFE740F26C3082
:103D2000C2F20000019046F2B841C4F20201016003
:103D30004FF000614160402181600021C1604FF47B
:103D40008062026141618161C16101624162FDF78E
:103D50008FFC18B1FFE7FCF7F9FCFFE7FFE71198CC
:103D600040F26C31C2F20001816311988863FFE771
:103D70002520009005210022FEF7C4F80098FEF7E8
:103D8000B7F8FFE712B080BD80B584B00290019112
:103D9000ADF80220029890F84200202817D1FFE7E2
:103DA000019820B1FFE7BDF8020020B9FFE701202C
:103DB0008DF80F000FE00299002008630298019926
:103DC000BDF8022001F01EFB8DF80F0003E0022079
:103DD0008DF80F00FFE79DF80F0004B080BD0000D4
:103DE00080B582B001900198006841F20001C4F2F0
:103DF0000101884230D1FFE740F65C20C2F20000AA
:103E00000079FF281CD1FFE700208DF80300FFE7B1
:103E10009DF80300042812DCFFE79DF8031040F62C
:103E20005C20C2F20000405C012801D1FFE7FFE7FF
:103E3000FFE79DF8030001308DF80300E8E7FFE796
:103E400040F2A440C2F2000040F65C21C2F2000140
:103E50000522FFF799FFFFE702B080BD81B0009017
:103E600001B0704781B0009001B07047FFE7FEE7F6
:103E700080B582B00190FFE7012001F035FCFBE73F
:103E800080B58CB040F2E420C2F20000019046F20E
:103E90000041C4F200010160032141600021816002
:103EA000C1604FF4002202614FF44012426101767A
:103EB000012242768276C27601774177FCF7EEFFE7
:103EC00018B1FFE7FCF742FCFFE701210A910E2041
:103ED0000B900020079009900891069044F2200072
:103EE000029044F24000049044F2600003904FF4CA
:103EF0008140059040F2E420C2F2000002A9FCF7E4
:103F0000FFFC18B1FFE7FCF721FCFFE701210A9154
:103F10000E200B90002007900991089106904FF415
:103F20000160029041F21000049040F60C000390F2
:103F30000420059040F2E420C2F2000002A9FCF740
:103F4000DFFC18B1FFE7FCF701FCFFE701210A9154
:103F50000E200B90002007900990089106904FF4D6
:103F6000107002904FF4187004904FF4207003907A
:103F70004FF42870059040F2E420C2F2000002A93C
:103F8000FCF7BEFC18B1FFE7FCF7E0FBFFE740F2EF
:103F9000E420C2F20000FDF7E1F818B1FFE7FCF7FA
:103FA000D5FBFFE740F2E420C2F200000221FCF75B
:103FB000D1FB18B1FFE7FCF7C9FBFFE740F2E420B3
:103FC000C2F200001021FCF7C5FB18B1FFE7FCF7B7
:103FD000BDFBFFE70CB080BD80B586B0FFE70020D9
:103FE000059043F63000C4F20200016841F48001FC
:103FF0000160006800F4800005900598FFE73A2012
:1040000001900521029100220392FDF77BFF0198A8
:10401000FDF76EFF0299039A46200490FDF772FFA8
:104020000498FDF765FF06B080BD000080B582B042
:1040300043F67160C0F6000049F2E472C0F6000277
:104040000021019101F0B8FB019940F2D822C2F29F
:104050000002106040F23D50C0F6000049F2B87214
:10406000C0F6000201F0A8FB40F2D021C2F200012C
:10407000086002B080BD000080B58EB000200D90B9
:104080000C900B900A900990FFE70020089043F6EF
:104090003000C4F20200016841F080010160006854
:1040A00000F0800008900898FFE7FFE700200790E5
:1040B00043F63000C4F20200016841F001010160E2
:1040C000006800F0010007900798FFE7FFE7002075
:1040D000069043F63000C4F20200016841F004018A
:1040E0000160006800F0040006900698FFE70020D9
:1040F000C4F2020001904FF49871009100220492E2
:10410000FDF722FE009A01980499099201220A9271
:10411000022202920B920C9109A90391FDF738FC3F
:10412000029803994FF4806209924FF444120A9264
:104130000B9040F60000C4F20200FDF729FC049A3F
:10414000282005900521FDF7DDFE0598FDF7D0FE3E
:104150000EB080BD80B588B0002101910791069115
:10416000059104910391029140F21440C2F20000C3
:104170004FF0804202605322426081604FF0FF3274
:10418000C26001618161FEF7D3FC18B1FFE7FCF763
:10419000DDFAFFE74FF48050049040F21440C2F281
:1041A000000004A9FEF7D0FD18B1FFE7FCF7CEFA36
:1041B000FFE700200290039040F21440C2F200009A
:1041C00002A9FEF723FC18B1FFE7FCF7BFFAFFE7EF
:1041D00040F21440C2F20000FEF73AFD18B1FFE7CA
:1041E000FCF7B4FAFFE708B080BD000080B590B0DE
:1041F000002102910F910E910D910C910B910A915A
:10420000099108910791069105910491039140F25B
:104210005C40C2F2000040F20042C4F200020260C0
:1042200053224260816040F2E732C2600161802126
:104230008161FEF77DFC18B1FFE7FCF787FAFFE725
:104240004FF480500C9040F25C40C2F200000CA988
:10425000FEF77AFD18B1FFE7FCF778FAFFE740F2C6
:104260005C40C2F20000FFF74BF818B1FFE7FCF723
:104270006DFAFFE700200A900B9040F25C40C2F21A
:1042800000000AA9FEF7C2FB18B1FFE7FCF75EFACF
:10429000FFE760200390002204920592079240F20B
:1042A0005C40C2F2000003A9FEF788FF18B1FFE7E7
:1042B000FCF74CFAFFE740F25C40C2F2000003A9B1
:1042C0000422FEF77BFF18B1FFE7FCF73FFAFFE798
:1042D00040F25C40C2F2000001900021FFF766F856
:1042E00001980421FFF762F80198FEF72FFF10B044
:1042F00080BD000080B582B040F2A440C2F2000050
:10430000019041F20001C4F2010101604FF4E1317A
:10431000416000218160C16001610C2242618161C4
:10432000C161FFF721FC18B1FFE7FCF70FFAFFE7C7
:1043300002B080BDFFE7FEE7FFE7FEE788B0079029
:1043400006910592079800F0070004900498C0F1C8
:104350000700052803D3FFE70420019004E0049838
:10436000C0F107000190FFE7019803900498043022
:10437000062803D8FFE70020009003E004980338E4
:104380000090FFE70098029006980399012202FA34
:1043900001F101390840029B984005999A40013A81
:1043A0001140084308B07047000000000000000002
:1043B000EFF30980BFF36F8F154B1A681EF0100FD3
:1043C00008BF20ED108A20E9F04F10602DE90900A8
:1043D0004FF0500080F31188BFF34F8FBFF36F8F02
:1043E00002F06EFE4FF0000080F31188BDE8090076
:1043F00019680868B0E8F04F1EF0100F08BFB0EC65
:10440000108A80F30988BFF36F8F704700BF00BF29
:10441000E405002000000000000000000000000093
:10442000074B19680868B0E8F04F80F30988BFF3BC
:104430006F8F4FF0000080F31188704700BF00BFFE
:10444000E405002080B56FF00400002101F0A2F81F
:1044500080BD000080B54EF21000CEF20000006872
:1044600003F00AFC012803D0FFE702F039FFFFE761
:1044700080BD000080B594B008A83021FBF7B9FFDB
:10448000002007900690059004900390FFE700201D
:10449000029043F64000C4F20200016841F08051EE
:1044A0000160006800F0805002900298FFE7FFE78B
:1044B0000020019047F20000C4F20000016841F4BE
:1044C00080410160006800F4804001900198FFE79E
:1044D000012008904FF48030099002200E904FF494
:1044E00080010F91192110914FF4A8711191129030
:1044F0000420139008A8FDF721FF18B1FFE7FCF78F
:1045000025F9FFE70F20039002200490002005907A
:104510004FF4A05006904FF48050079003A8052157
:10452000FDF712FD18B1FFE7FCF710F9FFE714B033
:1045300080BD00004EF68851CEF20001086840F4BC
:10454000700008607047000080B540F2CC30C2F2C5
:104550000000FEF7EDFC80BD80B540F21440C2F2D1
:104560000000FEF7E5FC80BD83B002900191029847
:104570000068009002980021C4F20101884225D011
:10458000FFE70298B0F1804F20D0FFE7029840F299
:104590000041C4F20001884218D0FFE7029840F6BB
:1045A0000001C4F20001884210D0FFE7029840F6F3
:1045B0000041C4F20001884208D0FFE7029840F2AF
:1045C0000041C4F2010188420AD1FFE7009820F0BF
:1045D0007000009001984168009808430090FFE740
:1045E00002980021C4F20101884255D0FFE70298E9
:1045F000B0F1804F50D0FFE7029840F20041C4F282
:104600000001884248D0FFE7029840F60001C4F25A
:104610000001884240D0FFE7029840F60041C4F212
:104620000001884238D0FFE7029840F20041C4F20E
:104630000101884230D0FFE7029844F20001C4F241
:104640000101884228D0FFE7029844F20041C4F2F9
:104650000101884220D0FFE7029844F60001C4F22D
:104660000101884218D0FFE7029841F60001C4F228
:104670000001884210D0FFE7029841F60041C4F2E1
:104680000001884208D0FFE7029842F20001C4F21C
:10469000000188420AD1FFE7009820F440700090A2
:1046A0000198C168009808430090FFE7009820F047
:1046B0008000019949690843009001988068029937
:1046C000C862019800680299886202980021C4F2C9
:1046D0000101884208D0FFE7029840F20041C4F28D
:1046E0000101884205D1FFE701980069029908633A
:1046F000FFE70299086840F0040008600299012071
:10470000486100980299086003B0704784B0039034
:1047100002910192029800F01F0101208840009050
:10472000009A0399086A904308620198029901F07F
:104730001F0100FA01F20399086A1043086204B0ED
:104740007047000085B00490039102920193049891
:1047500080680090009820F47F40009003980299B0
:10476000019A41EA02210143009808430090009811
:104770000499886005B0704783B002900191029857
:1047800080680090009820F07000009001980099D7
:10479000084340F00700009000980299886003B039
:1047A0007047000085B0049003910498006A01905E
:1047B0000499086A20F0010008620498406800909B
:1047C000049880690290029820F07000029002988C
:1047D00020F00300029003980168029808430290B9
:1047E000019820F002000190039881680198084325
:1047F000019004980021C4F20101884208D0FFE72B
:10480000049840F20041C4F2010188420ED1FFE752
:10481000019820F0080001900398C16801980843AE
:104820000190019820F004000190FFE70498002116
:10483000C4F20101884208D0FFE7049840F2004129
:10484000C4F20101884213D1FFE7009820F4807080
:104850000090009820F4007000900398416900983F
:104860000843009003988169009808430090FFE78F
:1048700000980499486002980499886103984068F8
:104880000499486301980499086205B070470000D4
:1048900085B0049003910498006A01900499086A15
:1048A00020F0100008620498406800900498806925
:1048B0000290029820F4E0400290029820F44070A8
:1048C000029003980168029840EA01200290019842
:1048D00020F02000019003988168019840EA0110BF
:1048E000019004980021C4F20101884208D0FFE73A
:1048F000049840F20041C4F2010188420FD1FFE761
:10490000019820F0800001900398C168019840EA66
:1049100001100190019820F040000190FFE70498F9
:104920000021C4F20101884208D0FFE7049840F258
:104930000041C4F20101884215D1FFE7009820F43C
:1049400080600090009820F4006000900398416916
:10495000009840EA8100009003988169009840EA3D
:1049600081000090FFE7009804994860029804993C
:1049700088610398406804998863019804990862E3
:1049800005B0704785B0049003910498006A0190C7
:104990000499086A20F480700862049840680090C6
:1049A0000498C0690290029820F07000029002986A
:1049B00020F00300029003980168029808430290D7
:1049C000019820F40070019003988168019840EAF2
:1049D0000120019004980021C4F20101884208D00E
:1049E000FFE7049840F20041C4F2010188420FD170
:1049F000FFE7019820F4006001900398C1680198D6
:104A000040EA01200190019820F480600190FFE7C6
:104A100004980021C4F20101884208D0FFE70498FD
:104A200040F20041C4F20101884215D1FFE700982D
:104A300020F480500090009820F4005000900398DB
:104A40004169009840EA011000900398816900983C
:104A500040EA01100090FFE700980499486002982E
:104A60000499C861039840680499C863019804993F
:104A7000086205B07047000085B004900391049867
:104A8000006A01900499086A20F480500862049832
:104A9000406800900498C0690290029820F4E040B9
:104AA0000290029820F440700290039801680298E6
:104AB00040EA01200290019820F4005001900398F0
:104AC0008168019840EA0130019004980021C4F205
:104AD0000101884208D0FFE7049840F20041C4F287
:104AE000010188420BD1FFE7009820F4804000903C
:104AF00003984169009840EA81100090FFE7009810
:104B00000499486002980499C86103984068049920
:104B1000086401980499086205B0704780B582B0B6
:104B20000190FFE740F2EC40C2F20000028840F240
:104B30005C41C2F200010B68DA620088C860FFE7DE
:104B400040F25C40C2F200000121FEF7BFF901987B
:104B5000006840F20041C4F20001884253D1FFE7EF
:104B600040F2EE40C2F20000007800284AD0FFE791
:104B700040F20400C2F200000078012808D1FFE7EB
:104B800040F66221C2F2000108880130088007E087
:104B900040F66221C2F20001088801380880FFE770
:104BA00040F66220C2F20000008840F2EC41C2F2FE
:104BB00000010988884207DBFFE740F20401C2F2E6
:104BC0000001002008700EE040F66220C2F20000F2
:104BD000008838B9FFE740F20401C2F20001012069
:104BE0000870FFE7FFE740F66220C2F2000002888B
:104BF00040F25C41C2F200010B685A630088096808
:104C00008863FFE7FFE702B080BD000080B58CB08D
:104C10000B904AF6FD50C3F68040099040F2DC202C
:104C2000C2F200000090006804F0A0FC41EC100B00
:104C300003F086FB51EC100B04F012F801460098CB
:104C40000A9190ED000A9FED1A1A30EE010A80EDEC
:104C5000000A90ED000A9FED171AB4EE410AF1EE3A
:104C600010FA0DDDFFE740F2DC20C2F2000090ED0B
:104C7000000A9FED111A30EE010A80ED000AFFE7ED
:104C80000A980190002003904FF002310491042112
:104C9000059107918DF8200040F2E420C2F2000057
:104CA00003A901AA02ABFBF77FFD0CB080BD00BFDA
:104CB000FDAD803CDB0FC940DB0FC9C085B004905F
:104CC000039102920498006A00900499086A20F007
:104CD00001000862049880690190019820F0F000BA
:104CE00001900299019840EA01100190009820F08B
:104CF0000A000090039900980843009001980499D5
:104D0000886100980499086205B0704785B00490E6
:104D1000039102920498006A00900499086A20F0B6
:104D200010000862049880690190019820F4704096
:104D300001900299019840EA01300190009820F01A
:104D4000A00000900399009840EA0110009001989B
:104D50000499886100980499086205B070470000C2
:104D600080B582B001900198806B0090009900207E
:104D7000C8850098FEF7C6FC02B080BD80B584B03F
:104D80000390002002900398806B019001980068C6
:104D90004069C0B2C0090290019890F841002128F2
:104DA0000AD1FFE7029838B1FFE701990020C884D3
:104DB000019800F013F9FFE7019800684069C0F31B
:104DC00080100290019890F8420022280AD1FFE753
:104DD000029838B1FFE701990020C885019800F0DA
:104DE0009FF8FFE70199486C40F010004864019873
:104DF000FEF788FC04B080BD80B586B005900598AC
:104E0000806B0490059800680068C00500285AD49B
:104E1000FFE704990020C885FFE7FFE704980068D2
:104E200050E8030F20F480700390FFE70399049883
:104E3000026842E803100028F0D1FFE7FFE7FFE730
:104E4000FFE70498006850E8050F20F00100029089
:104E5000FFE702990498026842E805100028F0D1A3
:104E6000FFE7FFE7FFE7FFE70498006850E8050F5A
:104E700020F040000190FFE701990498026842E8A1
:104E800005100028F0D1FFE7FFE70499202081F802
:104E900042000498006B012814D1FFE7FFE7FFE709
:104EA0000498006850E8030F20F010000090FFE71E
:104EB00000990498026842E803100028F0D1FFE747
:104EC000FFE7FFE7FFE70499002048630498006BC1
:104ED000012805D1FFE70498818DFEF7C9FB03E0A7
:104EE0000498FEF77DFFFFE706B080BD80B582B075
:104EF00001900198806B0090009901204863009810
:104F0000006B012806D1FFE70098818D4908FEF764
:104F1000AFFB03E00098FEF7A1FFFFE702B080BD02
:104F200084B00390FFE7FFE70398006850E8030FA1
:104F300020F490700290FFE702990398026842E81B
:104F400003100028F0D1FFE7FFE7FFE7FFE7039832
:104F5000006850E8050F20F001000190FFE701997B
:104F60000398026842E805100028F0D1FFE7FFE748
:104F70000398006B012814D1FFE7FFE7FFE70398D0
:104F8000006850E8030F20F010000090FFE7009940
:104F90000398026842E803100028F0D1FFE7FFE71A
:104FA000FFE70399202081F842000399002008635D
:104FB00004B0704780B582B0019001980168C8685C
:104FC00020F04000C8600199202081F8410001983C
:104FD000FEF748FF002002B080BD000082B00190C3
:104FE000FFE7FFE70198006850E8030F20F0C000DA
:104FF0000090FFE700990198026842E8031000283A
:10500000F0D1FFE7FFE70199202081F8410002B0CD
:105010007047000080B586B0049000200390029095
:10502000049890F84200222840F0A080FFE70498FE
:105030008068B0F5805F13D1FFE70498006978B904
:10504000FFE70498806A02900498006840686FF354
:105050005F20029908800499886A0230886223E000
:105060000498806A039004988068B0F5805F08D047
:10507000FFE70498806850B9FFE70498006930B9E9
:10508000FFE70498006840680399087007E00498F7
:105090000068406800F07F0003990870FFE70499FA
:1050A000886A01308862FFE70499C88D0138C88595
:1050B0000004002856D1FFE704980168C86820F072
:1050C0002000C86004980168C86820F48070C86037
:1050D00004980168486920F0010048610499202083
:1050E00081F842000499002048630498006B01286D
:1050F00030D1FFE7049900200863FFE7FFE7049839
:10510000006850E8030F20F010000190FFE70199BC
:105110000498026842E803100028F0D1FFE7FFE797
:10512000049800680068C00600280ED5FFE7FFE776
:1051300000200090049800680068009004980068BF
:10514000406800900098FFE7FFE70498818DFEF724
:105150008FFA03E00498FEF743FEFFE700208DF886
:10516000170007E000208DF8170003E002208DF8FB
:105170001700FFE79DF8170006B080BD80B586B028
:10518000059005980068006920F44050059A116860
:10519000D26810430861059988680B694A69C96932
:1051A000184310430843049005980068C06849F20A
:1051B0000C6188430499084305990968C8600598FB
:1051C0000068406920F44070059A116892691043A4
:1051D00048610598006841F20001C4F2010188426B
:1051E00009D0FFE70598006841F20041C4F20101CF
:1051F000884204D1FFE7FDF71BF8039003E0FDF7B9
:1052000005F80390FFE70598C069B0F5004F29D174
:10521000FFE703981921A0FB0101059A1368029387
:1052200053685A00DB0FFBF71FF80299864648F2D5
:105230001F53C5F2EB13AEFB0320420910014FF0E0
:10524000640C02FB1CEC322202EBCC02A2FB033208
:10525000F82303EA521300EB4300C2F34212104456
:10526000886026E003981921A0FB0101059A1368C4
:10527000019353689A009B0FFAF7F6FF0199844651
:1052800048F21F52C5F2EB12ACFB02304309642016
:1052900003FB10CC322000EB0C10A0FB0202F0202C
:1052A00000EA521000EB0310C2F34312104488606E
:1052B000FFE706B080BD000080B540F2A440C2F216
:1052C000000040F65C21C2F200010522FEF774F9ED
:1052D00080BD000080B58AB008900791ADF81A2013
:1052E000079808998862BDF81A0008998885089976
:1052F00000204864089A222182F842100899CA6B5B
:1053000044F6F951C0F60001D1630899CA6B44F61E
:10531000ED61C0F6000111640899CA6B44F67D5135
:10532000C0F60001D1640899C96B086507A805900B
:1053300008980168C06B0431059A1268BDF81A30EC
:10534000FCF74EFA58B1FFE7089910204864089915
:10535000202081F8420001208DF827004EE0FFE771
:10536000002004900898006800680490089800687D
:10537000406804900498FFE708980069A0B1FFE72F
:10538000FFE7FFE70898006850E8030F40F48070DB
:105390000390FFE703990898026842E80310002889
:1053A000F0D1FFE7FFE7FFE7FFE7FFE708980068B6
:1053B00050E8050F40F001000290FFE702990898BD
:1053C000026842E805100028F0D1FFE7FFE7FFE799
:1053D000FFE70898006850E8050F40F04000019092
:1053E000FFE701990898026842E805100028F0D10B
:1053F000FFE7FFE700208DF82700FFE79DF8270073
:105400000AB080BD83B002900191ADF802200198EE
:1054100002998862BDF8020002998885BDF80200F1
:105420000299C8850299002048640299222081F8D7
:1054300042000298006938B1FFE702980168C86825
:1054400040F48070C860FFE702980168486940F046
:105450000100486102980168C86840F02000C860F7
:10546000002003B07047000083B00190019890F8CD
:10547000410021283AD1FFE701988068B0F5805FAC
:1054800013D1FFE70198006978B9FFE70198006A36
:105490000090009800886FF35F20019909684860C8
:1054A0000199086A0230086208E0019A106A411CFA
:1054B00011620078019909684860FFE70199C88C7A
:1054C0000138C884000468B9FFE701980168C8681A
:1054D00020F08000C86001980168C86840F0400072
:1054E000C860FFE700208DF80B0003E002208DF874
:1054F0000B00FFE79DF80B0003B0704780B540F24A
:10550000A440C2F20000FEF701F980BDFFE7FEE70C
:1055100081B08DF803009DF9030000280ED4FFE749
:105520009DF9031001F01F02012090404A094EF23C
:105530000011CEF2000141F82200FFE701B07047F0
:105540004EF60C50CEF200000068C0F30220704707
:1055500082B08DF8070000919DF9070000280AD459
:10556000FFE7009800019DF907104EF20042CEF2CD
:10557000000288540BE0009800019DF8071001F02C
:105580000F014EF61452CEF200028854FFE702B02B
:105590007047000082B08DF8070000919DF9070068
:1055A00000280AD4FFE7009800019DF907104EF289
:1055B0000042CEF2000288540BE0009800019DF8F2
:1055C000071001F00F014EF61452CEF2000288547B
:1055D000FFE702B07047000083B00290029800F02D
:1055E000070000904EF60C51CEF2000108680190C1
:1055F00001984FF6FF02104001900198009A40EA8E
:1056000002200022C0F2FA52104301900198086073
:1056100003B0704780B582B00020C4F20200009051
:10562000102100220192FCF78FFB0098019A2021A3
:10563000FCF78AFB02B080BD80B586B00020C4F2C2
:10564000020002901021009101220192FCF77CFBE4
:10565000FA200590FCF726F900990298002204929E
:10566000FCF772FB0598FCF71DF9019A02982021BE
:105670000391FCF769FB0598FCF714F9029803996C
:10568000049AFCF761FB0598FCF70CF906B080BDA5
:1056900080B582B000200190FCF774FBFFF7BAFFE1
:1056A000FFF70AFEFAF752FFFEF7E4FEFEF7E4FC0E
:1056B000FEF792FCFEF74EFDFEF798FDFEF71AFE90
:1056C000FEF7DEFB00F02AF8FEF7B0FC00F04AF827
:1056D000FFE740F2E020C2F20000007818B1FFE7D7
:1056E000FFF7AAFFFFE7F4E780B584B00290EFF37D
:1056F00005800390039820B1FFE76FF0050001904B
:1057000009E000200190029820B1FFE7029801F023
:10571000C1FBFFE7FFE7019804B080BD82B0EFF363
:1057200005800190019820B1FFE76FF0050000901F
:1057300014E040F2D420C2F20000006848B9FFE74C
:1057400040F2D421C2F20001012008600020009044
:1057500003E04FF0FF300090FFE7FFE7009802B052
:105760007047000080B582B0EFF30580019001988A
:1057700020B1FFE76FF00500009019E040F2D4205F
:10578000C2F20000006801280DD1FFE7FEF75AFEC3
:1057900040F2D421C2F200010220086001F018FC9E
:1057A0000020009003E04FF0FF300090FFE7FFE79C
:1057B000009802B080BD0000B0B58EB00B900A9189
:1057C000099200200690EFF305800D900D980028B7
:1057D00040F09980FFE70B98002800F09480FFE7E5
:1057E0008020079018200590002008904FF0FF308F
:1057F0000490099800284DD0FFE70998006820B16F
:10580000FFE7099800680890FFE70998806920B1D0
:10581000FFE7099880690590FFE7059848B1FFE721
:105820000598382805D8FFE709980079C00718B10E
:10583000FFE700200C9069E00998406928B1FFE774
:105840000998406980080790FFE70998806880B14F
:10585000FFE70998C0685C280BD3FFE70998006947
:1058600038B1FFE70998406918B1FFE701200490BB
:105870000FE00998806858B9FFE70998C06838B9FF
:10588000FFE70998006918B9FFE700200490FFE7D7
:10589000FFE702E000200490FFE70498012817D1F9
:1058A000FFE70B980899079A0A9BDDF814C0DDF80A
:1058B00024E0DEF80850DEF81040EE46CEF808503E
:1058C000CEF80440CEF800C002F06EF9069019E060
:1058D0000498B0B9FFE70B980899BDF81C200A9B03
:1058E000DDF814C0EE4606ACCEF80440CEF800C099
:1058F00002F00AF9012803D0FFE700200690FFE735
:10590000FFE7FFE7FFE706980C90FFE70C980EB063
:10591000B0BD000080B584B00390029144F63860B9
:10592000C2F200000068009040F2E450C2F20000B1
:105930000068043001F066F808B9FFE700E0FFE70F
:105940000398013080B9FFE7029868B1FFE740F2A1
:10595000E450C2F200000068011D44F61060C2F27B
:10596000000001F0F5F83DE000980399084401902B
:10597000019840F2E451C2F20001096848600198C0
:10598000009988420ED2FFE740F2F450C2F20000C4
:10599000006840F2E451C2F200010968043101F0EC
:1059A000A1F81EE040F2EC50C2F20000006840F2A4
:1059B000E451C2F200010968043101F093F8019842
:1059C00044F69C51C2F200010968884207D2FFE701
:1059D000019844F69C51C2F20001086000E0FFE724
:1059E000FFE7FFE704B080BD80B582B0019001F011
:1059F000D7F844F27061C2F2000108680130086013
:105A000040F2E450C2F20000006898B9FFE7019844
:105A100040F2E451C2F20001086044F27060C2F248
:105A200000000068012803D1FFE700F0F7FA00E06A
:105A3000FFE71CE044F60460C2F200000068A0B971
:105A4000FFE740F2E450C2F200000068C06A01992A
:105A5000C96A884207D8FFE7019840F2E451C2F2D0
:105A60000001086000E0FFE700E0FFE7FFE744F225
:105A70007C60C2F200000168013101600068019998
:105A800048640198C06A44F28061C2F2000109686A
:105A9000884208D9FFE70198C06A44F28061C2F2E7
:105AA00000010860FFE70199C86A00EB800240F23C
:105AB000FC50C2F2000000EB8200043101F048F813
:105AC00001F09AF844F60460C2F200000068C8B120
:105AD000FFE740F2E450C2F200000068C06A01999A
:105AE000C96A88420CD2FFE74EF60451CEF200019B
:105AF0004FF080500860BFF34F8FBFF36F8F00E00F
:105B0000FFE700E0FFE702B080BD000080B584B091
:105B100001F046F844F63C60C2F20000006800283C
:105B200040D1FFE744F63C50C2F20000029000F082
:105B3000B9FF44F65050C2F20000039000F0B2FFEB
:105B40000299039840F2E852C2F20002116040F25A
:105B5000F851C2F20001086069460020086040F276
:105B6000F042C2F2000240F29053C2F200030A2057
:105B7000102101F0D3FB014644F63C60C2F2000064
:105B80000160006860B1FFE744F63C60C2F20000CB
:105B9000006849F62001C0F6000101F01FF900E09D
:105BA000FFE700E0FFE701F027F804B080BD000048
:105BB00080B582B0FFE744F27460C2F20000006872
:105BC00008B3FFE700F0ECFF44F62460C2F20000E7
:105BD000C068C06801900198043000F013FF44F2DF
:105BE0007061C2F2000108680138086044F2746113
:105BF000C2F2000108680138086000F0FDFF01985A
:105C000000F08CF8D7E702B080BD000080B582B00C
:105C1000019000910198006CB8B1FFE70199C86844
:105C20000A6C1044C86001988168C068884204D337
:105C3000FFE701990868C86000E0FFE70098019A53
:105C4000D168126CFAF788FBFFE702B080BD000054
:105C500080B586B0059004910392002002900598CB
:105C6000806B01900598006C78B9FFE70598006893
:105C700048B9FFE70598806802F006F90290059997
:105C80000020886000E0FFE741E00398B8B9FFE733
:105C9000059A04995068126CFAF75EFB05994868FA
:105CA0000A6C10444860059948688968884204D3A2
:105CB000FFE705990868486000E0FFE726E0059ADD
:105CC0000499D068126CFAF747FB0599C8680A6C0A
:105CD000801AC86005980168C068884206D2FFE74C
:105CE000059988680A6C801AC86000E0FFE703988D
:105CF000022809D1FFE7019820B1FFE70198013898
:105D0000019000E0FFE700E0FFE7FFE7FFE7019811
:105D1000013005998863029806B080BD80B582B0D5
:105D20000090009890F8590040B9FFE70098006B88
:105D300000F088FF009800F085FF1CE0009890F8C4
:105D40005900012804D1FFE7009800F07BFF11E023
:105D5000009890F8590002280BD0FFE74FF0500050
:105D600080F31188BFF36F8FBFF34F8F0190FFE770
:105D7000FEE7FFE7FFE702B080BD000082B00190C0
:105D800040F2E850C2F2000000680068B0FA80F00B
:105D90004009019908600198006848B9FFE740F29E
:105DA000E850C2F200000068C0680068009002E09D
:105DB00000200090FFE7009802B0704784B04FF4D5
:105DC0007050009040F66620C2F2000001909DF8ED
:105DD0000400400788B1FFE701980730019001985F
:105DE00020F007000190019A40F66621C2F20001FE
:105DF0000098891A08440090FFE7019802900299E0
:105E000044F60860C2F2000001600021416002987F
:105E1000009A10440190019808380190019820F0F0
:105E200007000190019A40F2F050C2F200000260B7
:105E30000268516002681160029903910199039A06
:105E4000891A51600068039908600398406844F615
:105E50009851C2F2000108600398406844F69051DE
:105E6000C2F20001086044F66451C2F200014FF032
:105E70000040086004B0704780B582B00190FFE731
:105E8000FFF796FE40F2FC50C2F2000000680228C4
:105E90000CD3FFE74EF60451CEF200014FF08050D4
:105EA0000860BFF34F8FBFF36F8F00E0FFE7E7E7B6
:105EB00080B584B0DDF818C00390029101928DF88E
:105EC0000330029818B9FFE70698006003E00198D4
:105ED00006990860FFE703980699C8630298069937
:105EE00008640698012101F0A1FA9DF803000699C3
:105EF00081F84C0004B080BD80B588B0DDF834C0B6
:105F0000DDF830C0DDF82CC0DDF828C00690059122
:105F1000049203930C98006B04998900A522FAF768
:105F200060FA0C98006B049900EB81000438029031
:105F3000029820F0070002909DF80800400758B131
:105F4000FFE74FF0500080F31188BFF36F8FBFF36E
:105F50004F8F0790FFE7FEE70598F8B1FFE70020B5
:105F60000190FFE701980F2813D8FFE70598019AE1
:105F7000805C0C99114481F8340005980199405CCB
:105F800008B9FFE705E0FFE7FFE70198013001905E
:105F9000E8E70C99002081F8430004E00C99002008
:105FA00081F83400FFE70A98382803D3FFE7372049
:105FB0000A9000E0FFE70A980C99C8620A980C99C9
:105FC000C8640C990020009008650C98043000F01B
:105FD00081FD0C98183000F07DFD00980C99096146
:105FE0000A99C1F138010C9A91610C9949620C9996
:105FF00048650C9981F8580002980699039A00F0B8
:10600000D1FC0C9908600B9820B1FFE70C980B9914
:10601000086000E0FFE708B080BD000080B584B0F4
:1060200000200390FFE70398372810D8FFE7039874
:1060300000EB800140F2FC50C2F2000000EB810056
:1060400000F030FDFFE7039801300390EBE744F6E2
:106050006850C2F20000019000F024FD44F67C502C
:10606000C2F20000029000F01DFD44F6B050C2F2F2
:10607000000000F017FD44F62460C2F2000000F0BA
:1060800011FD44F61060C2F2000000F00BFD019912
:10609000029840F2EC52C2F20002116040F2F45158
:1060A000C2F20001086004B080BD000083B002901D
:1060B00044F60860C2F200000190FFE70198006812
:1060C0000299884205D2FFE7FFE701980068019036
:1060D000F4E70198009000980199496808440299F2
:1060E000884209D1FFE70298426801994868104444
:1060F00048600198029000E0FFE702980090009845
:1061000002994968084401990968884220D1FFE74B
:106110000198006840F2F051C2F20001096888421B
:106120000DD0FFE701980068426802994868104462
:1061300048600198006800680299086007E040F232
:10614000F050C2F20000006802990860FFE704E026
:106150000198006802990860FFE701980299884257
:1061600004D0FFE702980199086000E0FFE703B060
:106170007047000080B586B00590049103920293A9
:1061800000200190049805994860059800610498E2
:106190000399884216D8FFE703980299401A059997
:1061A0008969884203D3FFE70120019009E040F2AA
:1061B000F850C2F2000000680599043100F092FC2A
:1061C000FFE717E003980299884208D2FFE7049896
:1061D0000299884203D3FFE70120019009E040F2D1
:1061E000E850C2F2000000680599043100F07AFC22
:1061F000FFE7FFE7019806B080BD000080B582B0E0
:10620000019000F0CDFC0198806B18B9FFE70120E8
:10621000009002E000200090FFE700F0EDFC009805
:1062200002B080BD80B582B0019000F0B9FC019849
:10623000806B0199C96B884203D1FFE70120009070
:1062400002E000200090FFE700F0D6FC009802B0CA
:1062500080BD000008480068006880F308884FF09F
:10626000000080F3148862B661B6BFF34F8FBFF3AE
:106270006F8F00DF00BF000008ED00E080B586B042
:106280000490039140F2E850C2F200000068C06838
:10629000C06801900198043000F0B4FB019890F8B8
:1062A00028004007002823D5FFE70198049B816957
:1062B0001944039AFFF75EFFC0B1FFE70198049A03
:1062C000694600230B60194601F0CAFF029002984C
:1062D00058B9FFE74FF0500080F31188BFF36F8F7C
:1062E000BFF34F8F0590FFE7FEE700E0FFE707E011
:1062F000019991F8280000F0FE0081F82800FFE7DE
:106300000198016A884706B080BD000080B58EB054
:10631000FFE744F63C60C2F20000006807A90022D3
:1063200001F09EFA002800F0B880FFE70798B0F16E
:10633000FF3F17DCFFE707A804300290029858B926
:10634000FFE74FF0500080F31188BFF36F8FBFF36A
:106350004F8F0D90FFE7FEE702990A684868896849
:10636000904700E0FFE70798002800F19580FFE7DD
:10637000099806900698406928B1FFE7069804300E
:1063800000F040FB00E0FFE705A800F0FBF80390F9
:1063900007980190092800F27D800199DFE801F05B
:1063A0000505053D456605053D45069991F828001A
:1063B00040F0010081F828000698089B8169194483
:1063C000039AFFF7D7FE30B3FFE70698016A8847C4
:1063D000069890F82800400700281AD5FFE706988D
:1063E000089982690A44694600230B60194601F046
:1063F00037FF0490049858B9FFE74FF0500080F33E
:106400001188BFF36F8FBFF34F8F0C90FFE7FEE74C
:1064100000E0FFE700E0FFE73DE0069991F8280083
:1064200000F0FE0081F8280035E0069991F8280078
:1064300040F0010081F828000898069988610698C4
:10644000806958B9FFE74FF0500080F31188BFF31F
:106450006F8FBFF34F8F0B90FFE7FEE70698039B0C
:10646000816919441A46FFF785FE14E0069890F8F2
:1064700028008007002804D4FFE7069800F0E2FB1C
:1064800007E0069991F8280000F0FE0081F8280046
:10649000FFE700E0FFE7FFE73BE70EB080BD00004D
:1064A00080B584B00390029100F002FE684600F0CF
:1064B00069F801900098D8BBFFE7029860B9FFE740
:1064C00003980199884207D8FFE701F0BBFD0398C4
:1064D0000199FFF7D3FE2AE0029858B1FFE740F296
:1064E000F850C2F2000000680068B0FA80F040097D
:1064F0000290FFE744F63C60C2F200000068039996
:10650000019A891A029A00F093FC01F09BFD60B990
:10651000FFE74EF60451CEF200014FF080500860C4
:10652000BFF34F8FBFF36F8F00E0FFE7FFE702E09D
:1065300001F088FDFFE704B080BD000081B040F2AB
:10654000EC50C2F200000068006840B9FFE744F672
:106550009C51C2F200014FF0FF3008600FE040F2A2
:10656000EC50C2F200000068C068C068009000985B
:10657000406844F69C51C2F200010860FFE701B098
:106580007047000080B582B0019001F091FB00904F
:10659000009840F2E051C2F200010968884206D238
:1065A000FFE700F011F801990120086003E001996C
:1065B00000200860FFE7009840F2E051C2F20001BD
:1065C0000860009802B080BD80B588B0FFE740F257
:1065D000E850C2F200000068006800284ED0FFE7D3
:1065E00040F2E850C2F200000168C96809680691EB
:1065F0000068C068C06803900398043000F002FA95
:106600000398016A8847039890F8280040070028FB
:1066100032D5FFE7069803998969084405900598E3
:10662000069988420FD9FFE70598039948600398B7
:10663000006140F2E850C2F20000006803990431A2
:1066400000F050FA17E00398069A694600230B60A1
:10665000194601F005FE0290029858B9FFE74FF085
:10666000500080F31188BFF36F8FBFF34F8F0790F7
:10667000FFE7FEE7FFE700E0FFE7A8E740F2E852A8
:10668000C2F200021068049040F2F851C2F2000118
:10669000086810600498086008B080BD83B00020CE
:1066A000009040F20C00C2F200000068013058B1C6
:1066B000FFE74FF0500080F31188BFF36F8FBFF3F7
:1066C0004F8F0290FFE7FEE74FF0500080F31188F4
:1066D000BFF36F8FBFF34F8F0190FFE7009808B9AA
:1066E000FFE7FBE703B0704780B584B00390FFE796
:1066F00001A8FFF743FB029002980199FFF7D0FE33
:10670000FFF704FEF4E7000080B582B0019000F0CE
:1067100047FA019890F845008DF80300FFE79DF9CE
:106720000300012816DBFFE70198406A58B1FFE734
:106730000198243001F01EFC18B1FFE700F0F4FBD3
:1067400000E0FFE700E005E09DF8030001388DF868
:106750000300E4E70199FF2081F8450000F04CFABE
:1067600000F01EFA019890F844008DF80200FFE74F
:106770009DF90200012816DBFFE70198006980B14E
:10678000FFE70198103001F0F5FB18B1FFE700F0CA
:10679000CBFB00E0FFE79DF8020001388DF8020016
:1067A00000E000E0E4E70199FF2081F8440000F0F8
:1067B00023FA02B080BD000080B58AB006900020A8
:1067C000029000F075FC40F2F050C2F20000006848
:1067D00018B9FFE7FFF7F2FA00E0FFE7069844F682
:1067E0006451C2F200010968084240F0C580FFE729
:1067F000069800B3FFE70698083006909DF8180049
:106800004007B0B1FFE7069820F007000830069077
:106810009DF81800400758B1FFE74FF0500080F393
:106820001188BFF36F8FBFF34F8F0990FFE7FEE72B
:1068300000E0FFE700E0FFE70698002800F09A80FC
:10684000FFE7069844F69051C2F2000109688842B9
:1068500000F29080FFE744F60860C2F20000049066
:1068600000680590FFE705984168069A002091426C
:10687000019007D2FFE705980068002818BF0120A3
:106880000190FFE70198C00730B1FFE70598049039
:10689000059800680590E6E7059840F2F051C2F2CD
:1068A00000010968884263D0FFE704980068083057
:1068B0000290059800680499086005984068069958
:1068C000401A112821D3FFE7059806990844039040
:1068D0009DF80C00400758B1FFE74FF0500080F3DF
:1068E0001188BFF36F8FBFF34F8F0890FFE7FEE76C
:1068F000059840680699401A0399486006980599DA
:1069000048600398FFF7D2FB00E0FFE70598426874
:1069100044F69050C2F200000168891A01600068D4
:1069200044F69851C2F20001096888420BD2FFE791
:1069300044F69050C2F20000006844F69851C2F24A
:106940000001086000E0FFE744F66450C2F2000076
:10695000026805994868104348600599002008605E
:1069600044F6A451C2F2000108680130086000E05A
:10697000FFE700E0FFE700E0FFE701F063FB9DF8C1
:106980000800400758B1FFE74FF0500080F311882E
:10699000BFF36F8FBFF34F8F0790FFE7FEE70298BB
:1069A0000AB080BD83B00290019100920298043831
:1069B000029002994FF080700860029804380290AB
:1069C000019820F0010002990860029804380290B2
:1069D000029946F29D60C0F60000086002981438E3
:1069E0000290009802990860029804380290029977
:1069F0006FF002000860029820380290029803B0FD
:106A00007047000082B001900198006900900198E1
:106A10004168806888600199486889684860009882
:106A200040680199884205D1FFE701988068009984
:106A3000486000E0FFE701990020086100990868BC
:106A4000013808600098006802B0704783B0029077
:106A500001910092029944F68400C2F2000008609D
:106A6000019944F28460C2F200000860009980201D
:106A7000086003B07047000083B00290019100925B
:106A8000029944F6E040C2F200000860019944F621
:106A9000E000C2F20000086000994FF480700860C6
:106AA00003B0704781B00090009901F10800486080
:106AB00000994FF0FF308860009901F10800C8602C
:106AC000009901F10800086100990020086001B0F8
:106AD0007047000081B0009000990020086101B06B
:106AE0007047000084B00390029102980068009003
:106AF0000098013020B9FFE703980069019010E089
:106B0000039808300190FFE70198406800680099F9
:106B1000884205D8FFE7FFE7019840680190F3E756
:106B2000FFE70198406802994860029841688860D0
:106B30000198029988600298019948600398029927
:106B40000861039908680130086004B070470000CC
:106B500083B00290019102984068009000980199DA
:106B60004860009880680199886001980099896858
:106B7000486001980099886002980199086102991B
:106B800008680130086003B070470000DFF80C00AF
:106B9000016841F4700101607047000088ED00E079
:106BA00082B04FF0500080F31188BFF36F8FBFF3B6
:106BB0004F8F019040F20C00C2F2000001680131D9
:106BC00001600068012814D1FFE74EF60450CEF2B0
:106BD00000000068000658B1FFE74FF0500080F356
:106BE0001188BFF36F8FBFF34F8F0090FFE7FEE771
:106BF000FFE702B07047000082B040F20C00C2F222
:106C00000000006858B9FFE74FF0500080F311888A
:106C1000BFF36F8FBFF34F8F0090FFE7FEE740F2A7
:106C20000C00C2F20000016801390160006830B94F
:106C3000FFE700200190019880F31188FFE702B080
:106C40007047000080B586B00390039802900398C7
:106C500000285CD0FFE70298083802900298019063
:106C60000198406844F66451C2F200010968084284
:106C70000BD1FFE74FF0500080F31188BFF36F8F07
:106C8000BFF34F8F0590FFE7FEE70198006858B10A
:106C9000FFE74FF0500080F31188BFF36F8FBFF311
:106CA0004F8F0490FFE7FEE70198406844F6645177
:106CB000C2F200010968084227D0FFE70198006886
:106CC00008BBFFE744F66450C2F200000268019975
:106CD00048689043486000F0EBF90198426844F638
:106CE0009051C2F200010868104408600198FFF753
:106CF000DDF944F6A851C2F20001086801300860CD
:106D000001F0A0F900E0FFE700E0FFE7FFE706B0D1
:106D100080BD00004EF21001CEF20001002008609C
:106D20004EF21802CEF20002106040F20000C2F2F1
:106D30000000006844F6D352C1F26202A0FB0202D6
:106D40004FF0FF3000EB92104EF21402CEF2000230
:106D5000106007200860704784B0EFF30580019051
:106D6000019810281ED3FFE701984EF2F031CEF2C1
:106D70000001405C8DF803009DF8030044F2666159
:106D8000C2F20001097888420BDAFFE74FF05000A9
:106D900080F31188BFF36F8FBFF34F8F0390FFE72E
:106DA000FEE7FFE74EF60C50CEF20000006800F45C
:106DB000E06044F26861C2F20001096888420BD9C0
:106DC000FFE74FF0500080F31188BFF36F8FBFF3E0
:106DD0004F8F0290FFE7FEE704B0704783B0029048
:106DE000019100200090FFE7009807281DD8FFE7D9
:106DF000009944F6C450C2F2000050F8310070B956
:106E0000FFE70198009A44F6C451C2F2000141F82C
:106E100032000298009A01EBC201486005E0FFE7EA
:106E2000FFE7009801300090DEE703B070470000F4
:106E300080B584B003900291019203980090FFF70F
:106E4000AFFE009890F94400013028B9FFE700999F
:106E5000002081F84400FFE7009890F945000130D8
:106E600028B9FFE70099002081F84500FFE7FFF708
:106E7000C3FE0098806B38B9FFE700982430029970
:106E8000019A00F07BF800E0FFE70098FFF73CFC78
:106E900004B080BD80B584B00290002001900298BB
:106EA000E0B1FFE744F27860C2F20000006858B138
:106EB000FFE74FF0500080F31188BFF36F8FBFF3EF
:106EC0004F8F0390FFE7FEE700F0F2F802980021F1
:106ED000FEF720FD01F0B6F8019000E0FFE7019811
:106EE00060B9FFE74EF60451CEF200014FF080503A
:106EF0000860BFF34F8FBFF36F8F00E0FFE704B070
:106F000080BD000081B0009044F6A050C2F20000A5
:106F100000680099086044F63860C2F2000000681A
:106F20000099486001B0704744F64461C2F2000124
:106F3000012008607047000080B584B00290019184
:106F4000029858B9FFE74FF0500080F31188BFF363
:106F50006F8FBFF34F8F0390FFE7FEE7029840F279
:106F6000E451C2F2000109681831FFF7BBFD019836
:106F70000121FEF7CFFC04B080BD000080B584B0D5
:106F8000029001910092029858B9FFE74FF050002B
:106F900080F31188BFF36F8FBFF34F8F0390FFE72C
:106FA000FEE7029840F2E451C2F20001096818318C
:106FB000FFF7CEFD009820B1FFE74FF0FF300190C2
:106FC000FFE701980099FEF7A5FC04B080BD000022
:106FD00080B58AB0002003900690059006A805A908
:106FE00004AAFFF733FD039B049A0599DDF818C046
:106FF0006846C0F808C04160036045F67960C0F695
:10700000000049F61B01C0F6000100F0CDFD01466D
:1070100044F69450C2F200000160006818B1FFE726
:107020000120079002E000200790FFE70798012861
:1070300004D1FFE701F0CAF8079000E0FFE70798E6
:10704000012823D1FFE74FF0500080F31188BFF3F0
:107050006F8FBFF34F8F099044F69C51C2F200012D
:107060004FF0FF30086044F60461C2F200010120D5
:10707000086044F63861C2F200010020086000F0A8
:1070800083F808B1FFE700E0FFE70FE00798013061
:1070900058B9FFE74FF0500080F31188BFF36F8FAE
:1070A000BFF34F8F0890FFE7FEE7FFE70AB080BD10
:1070B00044F27861C2F2000108680130086070474C
:1070C00083B044F27860C2F20000006838B1FFE794
:1070D00044F64461C2F200010120086051E044F628
:1070E0004461C2F200010020086044F28060C2F2F4
:1070F000000000680190FFE7019800EB800140F27A
:10710000FC50C2F2000050F8210090B9FFE701984E
:1071100058B9FFE74FF0500080F31188BFF36F8F2D
:10712000BFF34F8F0290FFE7FEE70198013801900F
:10713000E2E7019800EB800140F2FC50C2F200004F
:1071400000EB810000900099486840684860009911
:1071500048680831884205D1FFE7009948684068CF
:107160004860FFE700984068C06840F2E451C2F20E
:1071700000010860019844F28061C2F200010860D9
:10718000FFE703B07047000080B588B04EF60050AE
:10719000CEF2000000684CF27121C4F20F11884257
:1071A0000BD1FFE74FF0500080F31188BFF36F8FD2
:1071B000BFF34F8F0790FFE7FEE74EF60050CEF289
:1071C000000000684CF27021C4F20F1188420BD10C
:1071D000FFE74FF0500080F31188BFF36F8FBFF3CC
:1071E0004F8F0690FFE7FEE74EF20040CEF2000020
:1071F000039001780491FF21017000788DF80B0055
:107200009DF80B0000F0500044F26661C2F20001EC
:10721000087044F26861C2F2000107200860FFE7CD
:107220009DF80B00000600280DD5FFE744F26861C9
:10723000C2F200010868013808609DF80B004000A8
:107240008DF80B00ECE744F26860C2F200000068C1
:1072500003280BD0FFE74FF0500080F31188BFF3F5
:107260006F8FBFF34F8F0590FFE7FEE744F2686131
:10727000C2F20001086800020860086800F4E060DB
:10728000086004984EF20041CEF2000108704EF6FC
:107290002051CEF20001086840F4700008600868D0
:1072A00040F070400860FFF735FD40F20C01C2F27B
:1072B0000001002001900860FFF768FC4EF6347171
:1072C000CEF20001086840F040400860FEF7C2FFBF
:1072D000FFF7F6FEFFF7E2F9019808B080BD000065
:1072E00080B582B04FF0500080F31188BFF36F8FEC
:1072F000BFF34F8F009000F0E5FC40B1FFE74EF682
:107300000451CEF200014FF080500860FFE70020EA
:107310000190019880F3118802B080BD80B590B0D3
:1073200084461298CDF828C00991089207938DF8E9
:107330001B000A9858B9FFE74FF0500080F31188FE
:10734000BFF36F8FBFF34F8F0F90FFE7FEE70798F4
:1073500058B9FFE74FF0500080F31188BFF36F8FEB
:10736000BFF34F8F0E90FFE7FEE7089900200390D0
:1073700031B1FFE70998B0FA80F040090390FFE7C8
:107380000398C00758B1FFE74FF0500080F3118811
:10739000BFF36F8FBFF34F8F0D90FFE7FEE70899A4
:1073A0000020029031B9FFE70998002818BF01209A
:1073B0000290FFE70298C00758B1FFE74FF0500076
:1073C00080F31188BFF36F8FBFF34F8F0C90FFE7EF
:1073D000FEE750200490049850280BD0FFE74FF0B0
:1073E000500080F31188BFF36F8FBFF34F8F0B9066
:1073F000FFE7FEE7049807980590059888B1FFE736
:107400000599012081F846000A980999089A9DF883
:107410001B30DDF814C0EE46CEF800C0FEF748FD84
:1074200000E0FFE7059810B080BD000080B584B093
:107430000290019102980090009858B9FFE74FF030
:10744000500080F31188BFF36F8FBFF34F8F03900D
:10745000FFE7FEE7FFF7A4FB00990B68C86B0A6C17
:1074600000FB02308860009900208863009908685A
:10747000486000990B68C86B0A6C013800FB023049
:10748000C8600099FF2081F84400009981F8450008
:107490000198D0B9FFE700980069A0B1FFE7009814
:1074A000103000F067FD60B1FFE74EF60451CEF2F8
:1074B00000014FF080500860BFF34F8FBFF36F8F14
:1074C00000E0FFE700E0FFE708E000981030FFF77A
:1074D000E9FA00982430FFF7E5FAFFE7FFF78CFBA5
:1074E000012004B080BD000080B592B00C900B91DB
:1074F0000A920993002008900C980490049858B9B7
:10750000FFE74FF0500080F31188BFF36F8FBFF398
:107510004F8F1190FFE7FEE70B990020039039B9D8
:10752000FFE70498006C002818BF01200390FFE7D4
:107530000398C00758B1FFE74FF0500080F311885F
:10754000BFF36F8FBFF34F8F1090FFE7FEE70999EE
:1075500000200229029007D1FFE70498C06B013890
:1075600018BF01200290FFE70298C00758B1FFE75B
:107570004FF0500080F31188BFF36F8FBFF34F8F30
:107580000F90FFE7FEE700F077FB01460020019037
:1075900031B9FFE70A98002818BF01200190FFE7E2
:1075A0000198C00758B1FFE74FF0500080F31188F1
:1075B000BFF36F8FBFF34F8F0E90FFE7FEE7FFE73C
:1075C000FFF7EEFA0498806B0499C96B884204D3E4
:1075D000FFE70998022834D1FFE704980B99099A2C
:1075E000FEF736FB07900498406AA0B1FFE70498C5
:1075F000243000F0BFFC60B1FFE74EF60451CEF23C
:1076000000014FF080500860BFF34F8FBFF36F8FC2
:1076100000E0FFE710E0079860B1FFE74EF6045185
:10762000CEF200014FF080500860BFF34F8FBFF3E0
:107630006F8F00E0FFE7FFE7FFF7DEFA01200D9014
:1076400065E00A9828B9FFE7FFF7D6FA00200D9009
:107650005DE0089830B9FFE705A8FFF753FC01206B
:10766000089000E0FFE7FFE7FFE7FFF7C5FAFFF745
:107670001FFDFFF795FA049890F94400013028B9EE
:10768000FFE70499002081F84400FFE7049890F98F
:107690004500013028B9FFE70499002081F8450032
:1076A000FFE7FFF7A9FA05A80AA900F0C7F928BB68
:1076B000FFE70498FEF7B6FDC8B1FFE70498103065
:1076C0000A99FFF739FC0498FFF71EF800F0BAFC9E
:1076D00060B9FFE74EF60451CEF200014FF0805042
:1076E0000860BFF34F8FBFF36F8FFFE705E004988B
:1076F000FFF70AF800F0A6FCFFE707E00498FFF7A1
:1077000003F800F09FFC00200D9000E058E70D9872
:1077100012B080BD80B592B00B900A910992089387
:107720000B980590059858B9FFE74FF0500080F38B
:107730001188BFF36F8FBFF34F8F0E90FFE7FEE707
:107740000A990020029039B9FFE70598006C0028DB
:1077500018BF01200290FFE70298C00758B1FFE769
:107760004FF0500080F31188BFF36F8FBFF34F8F3E
:107770000D90FFE7FEE7089900200229019007D14C
:10778000FFE70598C06B013818BF01200190FFE7A3
:107790000198C00758B1FFE74FF0500080F31188FF
:1077A000BFF36F8FBFF34F8F0C90FFE7FEE7FFF73C
:1077B000D3FAEFF311814FF0500080F31188BFF33B
:1077C0006F8FBFF34F8F10910F9010980690059810
:1077D000806B0599C96B884204D3FFE7089802289B
:1077E00033D1FFE7059890F845008DF81300059810
:1077F000806B039005980A99089AFEF729FA9DF97B
:1078000013000130B8B9FFE70598406A88B1FFE777
:107810000598243000F0AEFB48B1FFE7099820B18D
:10782000FFE709990120086000E0FFE700E0FFE7BB
:1078300000E0FFE706E09DF813000130059981F8AC
:107840004500FFE70120079002E000200790FFE7D6
:1078500006981190119880F31188079812B080BD96
:1078600080B58EB009900891079200200690099883
:107870000390039858B9FFE74FF0500080F3118848
:10788000BFF36F8FBFF34F8F0D90FFE7FEE70899AF
:107890000020019039B9FFE70398006C002818BF59
:1078A00001200190FFE70198C00758B1FFE74FF0B2
:1078B000500080F31188BFF36F8FBFF34F8F0C9090
:1078C000FFE7FEE700F0D8F901460020009031B94B
:1078D000FFE70798002818BF01200090FFE70098F5
:1078E000C00758B1FFE74FF0500080F31188BFF395
:1078F0006F8FBFF34F8F0B90FFE7FEE7FFE7FFF7B8
:107900004FF90398806B0290029830B3FFE7039819
:107910000899FEF77BF90298013803998863039868
:107920000069A0B1FFE70398103000F023FB60B1BD
:10793000FFE74EF60451CEF200014FF08050086090
:10794000BFF34F8FBFF36F8F00E0FFE700E0FFE76B
:10795000FFF752F901200A906DE0079828B9FFE778
:10796000FFF74AF900200A9065E0069830B9FFE772
:1079700004A8FFF7C7FA0120069000E0FFE7FFE741
:10798000FFE7FFF739F9FFF793FBFFF709F90398D2
:1079900090F94400013028B9FFE70399002081F8ED
:1079A0004400FFE7039890F94500013028B9FFE74C
:1079B0000399002081F84500FFE7FFF71DF904A8AF
:1079C00007A900F03BF830BBFFE70398FEF716FC71
:1079D000D0B1FFE7039824300799FFF7ADFA039879
:1079E000FEF792FE00F02EFB60B9FFE74EF6045161
:1079F000CEF200014FF080500860BFF34F8FBFF30D
:107A00006F8F00E0FFE705E00398FEF77DFE00F0D2
:107A100019FBFFE70EE00398FEF776FE00F012FB7D
:107A20000398FEF7EBFB18B1FFE700200A9002E095
:107A3000FFE7FFE763E70A980EB080BD80B588B026
:107A400005900491059858B9FFE74FF0500080F376
:107A50001188BFF36F8FBFF34F8F0790FFE7FEE7EB
:107A6000049858B9FFE74FF0500080F31188BFF336
:107A70006F8FBFF34F8F0690FFE7FEE7FFF790F899
:107A800044F63860C2F2000000680290029805993E
:107A90004968401A019004980068013018B9FFE75E
:107AA000002003902BE044F6A050C2F200000068D2
:107AB00005990968884209D0FFE702980599496845
:107AC000884203D3FFE70120039017E0019804994F
:107AD000096888420BD2FFE7019A04990868801A66
:107AE00008600598FFF70EFA0020039005E004995E
:107AF0000020086001200390FFE7FFE7FFE7FFF7A2
:107B00007BF8039808B080BD70B58CB0DDF844C038
:107B1000DDF840C00B900A91ADF826200893BDF81F
:107B200026008000FEF748FE0590059880B1FFE72B
:107B30005C20FEF741FE0790079820B1FFE705980B
:107B40000799086303E00598FFF77CF8FFE702E078
:107B500000200790FFE70798F0B1FFE7079800269D
:107B600080F859600B980A99BDF82620089BDDF82B
:107B700040C0119C079DEE46CEF80C60CEF8085030
:107B8000CEF80440CEF800C0FEF7B6F90798FDF72E
:107B90002BFF0120069003E04FF0FF300690FFE737
:107BA00006980CB070BD0000B0B58EB0DDF850C0C6
:107BB000DDF84CC0DDF848C00A900991089207939F
:107BC000139858B9FFE74FF0500080F31188BFF3C6
:107BD0006F8FBFF34F8F0D90FFE7FEE7149858B9F2
:107BE000FFE74FF0500080F31188BFF36F8FBFF3B2
:107BF0004F8F0C90FFE7FEE75C20049004985C2810
:107C00000BD0FFE74FF0500080F31188BFF36F8F68
:107C1000BFF34F8F0B90FFE7FEE70498149820B353
:107C2000FFE7139808B3FFE7149806901398069996
:107C300008630699022081F859000A980999089A60
:107C4000079BDDF848C0069CEE460025CEF80C5098
:107C5000CEF8084005ACCEF80440CEF800C0FEF7E0
:107C60004BF90698FDF7C0FE02E000200590FFE703
:107C700005980EB0B0BD000081B044F60460C2F2B9
:107C80000000006818B9FFE7012000900DE044F201
:107C90007860C2F20000006818B9FFE70220009087
:107CA00002E000200090FFE7FFE7009801B0704776
:107CB00081B044F63860C2F200000068009000987D
:107CC00001B0704780B586B00020029044F2786021
:107CD000C2F200000068002840F0CB80FFE744F6C5
:107CE0003861C2F200010868013001900198086013
:107CF000019858BBFFE740F2EC50C2F20000006868
:107D0000006858B1FFE74FF0500080F31188BFF3CF
:107D10006F8FBFF34F8F0590FFE7FEE740F2EC5205
:107D2000C2F200021068009040F2F451C2F2000169
:107D3000086810600098086044F6A051C2F2000183
:107D4000086801300860FEF7F9FB00E0FFE70198E2
:107D500044F69C51C2F200010968884268D3FFE7EB
:107D6000FFE740F2EC50C2F200000068006840B942
:107D7000FFE744F69C51C2F200014FF0FF3008606B
:107D800055E040F2EC50C2F200000068C068C068E4
:107D9000049004984068039001980399884207D2A0
:107DA000FFE7039844F69C51C2F2000108603EE0F0
:107DB000FFE704980430FEF725FE0498806A28B196
:107DC000FFE704981830FEF71DFE00E0FFE7049877
:107DD000C06A44F28061C2F200010968884208D991
:107DE000FFE70498C06A44F28061C2F200010860B3
:107DF000FFE70499C86A00EB800240F2FC50C2F22F
:107E0000000000EB82000431FEF7A2FE0498C06A75
:107E100040F2E451C2F200010968C96A884203D302
:107E2000FFE70120029000E0FFE7FFE799E7FFE7A7
:107E300040F2E450C2F200000068C06A00EB80012A
:107E400040F2FC50C2F2000050F82100022803D397
:107E5000FFE70120029000E0FFE744F64460C2F231
:107E60000000006818B1FFE70120029000E0FFE782
:107E700007E044F6AC51C2F2000108680130086026
:107E8000FFE7029806B080BD80B586B003900398E6
:107E90000290002001900398002867D0FFE7029825
:107EA00040F2E451C2F20001096888420BD0FFE7BA
:107EB0004FF0500080F31188BFF36F8FBFF34F8FE7
:107EC0000590FFE7FEE70298006D58B9FFE74FF015
:107ED000500080F31188BFF36F8FBFF34F8F049072
:107EE000FFE7FEE70299086D013808650299C86A44
:107EF000C96C884238D0FFE70298006D90BBFFE75D
:107F000002980430FEF77EFD08B9FFE700E0FFE7C6
:107F10000299C86CC8620299C86AC0F138008861C9
:107F20000298C06A44F28061C2F200010968884286
:107F300008D9FFE70298C06A44F28061C2F20001EA
:107F40000860FFE70299C86A00EB800240F2FC502B
:107F5000C2F2000000EB82000431FEF7F9FD0120BF
:107F6000019000E0FFE700E0FFE700E0FFE7019895
:107F700006B080BD80B584B002900298C068C06829
:107F80000190019858B9FFE74FF0500080F3118835
:107F9000BFF36F8FBFF34F8F0390FFE7FEE70198AA
:107FA0001830FEF72FFD44F27860C2F2000000683E
:107FB00020BBFFE701980430FEF724FD0198C06A5A
:107FC00044F28061C2F200010968884208D9FFE7E3
:107FD0000198C06A44F28061C2F200010860FFE7C4
:107FE0000199C86A00EB800240F2FC50C2F2000026
:107FF00000EB82000431FEF7ABFD09E0019800F1CF
:10800000180144F6B050C2F20000FEF7A1FDFFE7F0
:108010000198C06A40F2E451C2F200010968C96ADD
:10802000884208D9FFE70120009044F64461C2F27B
:108030000001086002E000200090FFE7009804B013
:1080400080BD000080B584B000200290019044F211
:108050007860C2F20000006858B9FFE74FF05000A6
:1080600080F31188BFF36F8FBFF34F8F0390FFE74B
:10807000FEE7FEF795FD44F27860C2F20000016869
:10808000013901600068002840F09980FFE744F260
:108090007060C2F200000068002800F08F80FFE7E7
:1080A000FFE744F6B050C2F200000068002842D05A
:1080B000FFE744F6B050C2F20000C068C06802900A
:1080C00002981830FEF79EFC02980430FEF79AFCE6
:1080D0000298C06A44F28061C2F2000109688842D5
:1080E00008D9FFE70298C06A44F28061C2F2000139
:1080F0000860FFE70299C86A00EB800240F2FC507A
:10810000C2F2000000EB82000431FEF721FD02986C
:10811000C06A40F2E451C2F200010968C96A8842AB
:1081200007D3FFE744F64461C2F200010120086072
:1081300000E0FFE7B5E7029818B1FFE7FEF7FEF9A8
:10814000FFE744F6AC50C2F20000006800900098CF
:10815000E0B1FFE7FFE7FFF7B5FD38B1FFE744F611
:108160004461C2F200010120086000E0FFE70098CE
:1081700001380090FFE700980028ECD1FFE744F6B3
:10818000AC51C2F200010020086000E0FFE744F6B5
:108190004460C2F20000006870B1FFE70120019066
:1081A0004EF60451CEF200014FF080500860BFF34C
:1081B0004F8FBFF36F8F00E0FFE7FFE700E0FFE7BF
:1081C000FEF71AFD019804B080BD000080B58AB0AA
:1081D00000200890FDF79AFC44F63C60C2F20000D3
:1081E000006858B3FFE7002004900790069007A8A6
:1081F00006A905AAFEF740FC049B059A0698DDF83F
:108200001CC06946C1F808C048600220086046F2F8
:10821000E960C0F6000049F62501C0F60001FFF74D
:10822000C3FC014644F64060C2F2000001600068F1
:1082300018B1FFE701200890FFE700E0FFE708988A
:1082400058B9FFE74FF0500080F31188BFF36F8FEC
:10825000BFF34F8F0990FFE7FEE708980AB080BD93
:1082600080B58AB0DDF830C008900791069205937A
:1082700000200490089858B9FFE74FF0500080F3B1
:108280001188BFF36F8FBFF34F8F0990FFE7FEE7B1
:1082900044F63C60C2F200000068A8B3FFE707980C
:1082A00000900698019008980290079805281EDC17
:1082B000FFE7FFF7E1FC02280CD1FFE744F63C6042
:1082C000C2F2000000680C9A69460023FFF70CF91F
:1082D00004900BE044F63C60C2F20000006869467E
:1082E00000231A46FFF700F90490FFE70BE044F67D
:1082F0003C60C2F200000068059A69460023FFF75F
:1083000009FA0490FFE700E0FFE704980AB080BD97
:1083100003B401984100009850EAC12018BF04201E
:108320004A0D18BF40F0010040F2FF72B2EB515FFE
:1083300008BF40F00200012808BF052002B07047C6
:1083400010B52F499FED2C1B2DED020B84B0059825
:1083500020F000408842DCBF00209DED040B32DDA0
:108360002849884209D1049840B94FF00100F8F734
:108370006FF800F03DFC06B010BD05DB9DED040B71
:1083800000F02AFC06B010BD68469DED040B00F01D
:108390003BF810F0030011D0012818D09DED021B0E
:1083A0009DED000B02281AD000F04AFA51EC100B98
:1083B00000F04AFC06B041EC100B10BD9DED021B15
:1083C0009DED000B012000F06FFB06B010BD9DED90
:1083D000021B9DED000B00F033FA06B010BD01202A
:1083E00000F062FB51EC100B00F02EFC06B041ECEB
:1083F000100B10BD00000000000000000000000095
:10840000FB21E93F0000F07F2DE9F14F04462DEDFF
:10841000020B2DED088B8AB09FEDE70B80ED020B70
:10842000139EE74826F0004585420ADC9DED120BBD
:10843000002084ED000B0AB0BDEC088B03B0BDE852
:10844000F08FE0489FEDE0AB9FEDE1BBA84247DD38
:10845000E14F9FEDE39B9FEDE48B9DED120B53EC01
:108460001A2B51EC100B002E1CDD00F091FF41EC9B
:10847000100BBD4208D053EC1B2B51EC100B00F03D
:1084800087FFC4E900010BE053EC192B51EC100BF2
:1084900000F07EFF53EC182B00F07AFFC4E90001D6
:1084A0000120C8E700F00EFC41EC100BBD4208D0E3
:1084B00053EC1B2B51EC100B00F004FCC4E9000141
:1084C0000BE053EC192B51EC100B00F0FBFB53ECC1
:1084D000182B00F0F7FBC4E900014FF0FF30AAE7CA
:1084E000C348A84279DB9DED120B51EC100B00F054
:1084F0009FFB41EC180B9FEDC00B53EC102B00F0D1
:108500003DFE9FEDBF1B53EC112B00F0DBFB00F099
:10851000DBFD074600F007FE41EC190B53EC1A2B6C
:1085200000F02CFE53EC182B00F026FF41EC180B4A
:1085300053EC1B2B51EC190B00F020FEDFF8C8A206
:1085400041EC100B4FEA15580125FA4453EC102B5F
:1085500051EC180B00F01CFF032DC4E900013DD0C5
:10856000C1F30A5005EB4511A8EB00001139814217
:1085700034DA0AEB051BB0EE48AA9BED000BF0EED7
:1085800068AA53EC102B51EC190B00F0F7FD41ECED
:108590001B0B51EC1A0B53EC1B2B00F0F9FE41ECBA
:1085A000180B51EC1A0B53EC182B00F0F1FE53ECA6
:1085B0001B2B00F0EDFE9BED020B41EC1A0B53EC74
:1085C000102B51EC190B00F0D9FD53EC1A2B00F0D5
:1085D000DFFE41EC100B6D1CB8E70EE0002EA8BFCB
:1085E0003846BFF628AF94ED000B51EC100B00F0AD
:1085F0002BFBC4E9000178421DE7C6F3130040F4E9
:10860000801EC6F30A50A0F2F530471100F01F0596
:10861000C5F12000DDF848B00890002006900790D2
:108620000520EC467949002D07EB0002794408BF8C
:1086300051F8221009D051F8223001EB8201AB40F1
:108640004A68089922FA01F11943A1FB0E26A1FB01
:108650000B131A449A4234BF0123002303EB06088C
:108660000CEB8003D3E901A60E448E4234BF0121F6
:10867000002192448A4411B1924502D903E0924507
:1086800001D2012100E00021C3E901A641444CF8D8
:108690002010011EA0F10100C4DC029800F100507E
:1086A000850F0298DDE903678000DDF8148000F093
:1086B0003AFD41EC1A0B304600F04CFD9FED541B87
:1086C00053EC112B00F05AFD41EC1B0B384600F027
:1086D00041FD9FED511B53EC112B00F04FFD41EC80
:1086E000180B404600F036FD9FED4D1B53EC112B4F
:1086F00000F044FD41EC190B51EC180B53EC192B15
:1087000000F0E0FA53EC1B2B00F0DCFA53EC1A2BD0
:1087100000F0D8FACDE90801002008909DED080B83
:1087200053EC1A2B51EC100B00F032FE53EC1B2BC8
:1087300000F02EFE53EC182B00F02AFE53EC192B00
:1087400000F01AFE9FED381B53EC112B00F016FDC4
:108750009FED370B41EC180B53EC102B9DED080BE4
:1087600051EC100B00F00AFD53EC182B00F0AAFAA4
:108770009FED310B41EC180B53EC102B9DED080BCA
:1087800051EC100B00F0FAFC53EC182B00F09AFAA5
:1087900041EC100B139810F0004F06D06D4251ECD5
:1087A000100B00F051FA41EC100B284684ED000B41
:1087B00041E6000000000000000000000000000092
:1087C000FB21E93F7CD9024000004054FB21F93FE6
:1087D0003163621A61B4D03DFB21F93F0000000013
:1087E0000000601A61B4D03D7370032E8A19A33B58
:1087F000FB2139410000000083C8C96D305FE43FB0
:10880000000000000000E03F5A110000A810000026
:10881000000000000000103E000000000000103CBE
:10882000000000000000103A182D4454FB21F93DCF
:108830003326A611460B113C00000054FB21F93DE4
:1088400010B52DED040B2DED088B82B0B0EE419AE2
:10885000F0EE619A0B9820F000449FED4BABB4F121
:10886000795F11DA9DED0A0B51EC100B00F02CFC36
:10887000002801BFB0EE4A0AF0EE6A0A02B0BDEC71
:10888000088B04BF04B010BD9DED0A0B53EC102BF8
:1088900051EC100B00F072FC41EC180B3C48062127
:1088A000B0EE480AF0EE680A784400F081F853EC24
:1088B000182B51EC100B00F061FC9DED0A0B41EC04
:1088C0001B0B53EC192B51EC100B00F057FC41EC37
:1088D000190B53EC1B2B51EC180B00F04FFC53EC15
:1088E000192B00F055FD9FED2C0B41EC190B53ECAF
:1088F000102B51EC180B00F041FC41EC100B2848F8
:10890000844210DA53EC192B51EC100B00F040FDAF
:1089100053EC1A2B00F030FD41EC100B02B0BDEC13
:10892000088B04B010BD1F48A042BCBF9FED1E1BAA
:108930008DED001B06DBA4F50010019000200090D7
:108940009DED001B51EC100B53EC112B00F020FDA2
:108950009DED000B41EC180B53EC102B51EC1A0B56
:1089600000F016FD41EC1A0B53EC192B51EC180BCF
:1089700000F00EFD53EC1A2B00F0FEFC41EC100B46
:10898000CCE7000000000000000000000000F03F05
:10899000CC0D000000000000000000000000E03FDF
:1089A0003333D33F0000E93F000000000000D23F16
:1089B00070B504462DED028B4D1E00EBC500B0EEE8
:1089C000408AF0EE608A90ED000B35F0060017D07B
:1089D00053EC182B51EC100B00F0D0FB41EC100BBA
:1089E0006D1E04EBC50090ED001B51EC100B53EC19
:1089F000112B00F067F941EC100B35F00600E7D1C0
:108A0000022D36D0042D1CD0062D1CBFBDEC028BD0
:108A100070BD53EC182B51EC100B00F0AFFB94ED34
:108A20000A1B53EC112B00F04DF953EC182B00F0FE
:108A3000A5FB94ED081B53EC112B00F043F941EC1E
:108A4000100B53EC182B51EC100B00F097FB94ED2E
:108A5000061B53EC112B00F035F953EC182B00F0EA
:108A60008DFB94ED040B53EC102B00F02BF941EC33
:108A7000100B53EC182B51EC100B00F07FFB94ED16
:108A8000021B53EC112B00F01DF953EC182B00F0D6
:108A900075FB94ED001B53EC112B00F013F9BDECAA
:108AA000028B41EC100B70BD31B504462DED040B6B
:108AB0002DED0A8BB0EE41BAF0EE61BA0B989DED48
:108AC0000A0B20F00040B0F1795F0DDA51EC100B89
:108AD000FFF71EFC042808BF00F09AF89DED0A0B72
:108AE000BDEC0A8B05B030BD53EC102B51EC100BD4
:108AF00000F044FB41EC180B9DED0A0B53EC182BD6
:108B000051EC100B00F03AFB41EC190B2C48B0EE85
:108B1000480AF0EE680A05217844FFF749FF9FED07
:108B20002ACBB0EE40AAF0EE60AA9CB353EC1C2B0B
:108B300051EC190B00F022FB41EC1C0B53EC1A2BEF
:108B400051EC190B00F01AFB9FED210B41EC190BB6
:108B500053EC102B51EC1B0B00F010FB53EC192BBA
:108B600000F016FC53EC182B00F008FB53EC1B2B09
:108B700000F00EFC53EC1C2B00F00AFC9DED0A1BD0
:108B800053EC112B00F0F8FBBDEC0A8B05B041EC67
:108B9000100B30BDFFE753EC1A2B51EC180B00F013
:108BA000EDFA53EC1C2B00F08DF853EC192B00F070
:108BB000E5FA9DED0A1B53EC112B00F083F8E3E777
:108BC0005C0C000000000000495555555555C5BFC7
:108BD000000000000000E03F10B553EC102B51ECFA
:108BE000100B00F06FF841EC100B10BD00000000FE
:108BF0009FED050B10B553EC102B51EC100B00F052
:108C000009F941EC100B10BD00000000000000004D
:108C10009FED050B10B553EC102B51EC100B00F031
:108C2000ADFA41EC100B10BD000000000000001078
:108C300082B0CDE9000121F0004001909DED000BD4
:108C400002B051EC100B704781F00041704780F08A
:108C50000040704721F00041704720F0004070470D
:108C600021F0004201F00043A2F16052B2F5801FF2
:108C700028BFD2F17F6C0BD95FEA001C43EAC20225
:108C800042EB507018BF704728BF20F001007047BA
:108C9000B2F5801FBCBF184670474FEA410C1CF567
:108CA000001F02D2084600F0DFBC70B500F010FBD8
:108CB00000000089FFF7F6BF4FF00040A0F58000EC
:108CC0007047000010B591EA030F48BF83F00043DE
:108CD00000F16683841A71EB030C05D2121943EB81
:108CE0000C03001B61EB0C014FEA1154A4EB135C65
:108CF000DFF81CE11EEA430F18BF9EEA445F00F054
:108D0000748021EA045123EA0E0343F48013DCF15A
:108D1000200E32D322FA0CFE10EB0E0023FA0CFECA
:108D200041EB0E01CCF1200E03FA0EFE10EB0E000B
:108D3000CCF1200E51F10001B1F5801F32D201EBD0
:108D4000045112FA0EF2BDE8104058BF7047401CA3
:108D500038BF5FEA420218BF7047002814BF20F0F6
:108D6000010041F100014FEA410313F5001F38BF34
:108D70007047A1F1C04100F0F9BA012A43EB0302A8
:108D8000ACF1200CDCF11F0E32BF4FF0000E23FAC5
:108D90000CF310EB030041EB0451B4EB115FD0D0A6
:108DA000A1EB045101F58011490801EB04515FEA80
:108DB00030000ED350F1000038BF12FA0EFE08D179
:108DC000BDE81040C9E7401C38BF5FEA4202CAD183
:108DD000C3E7BDE810404FEA410313F5001F38BF59
:108DE0007047A1F1C04100F0C1BA9EEA445F08D0CB
:108DF00011EA5E0FBDE8104004BF01F00041002001
:108E00007047BDE8104070B500F062FA64FBBE3EEA
:108E10000000E0FF2DE9C04130B4DFF8A4C23CEA15
:108E2000111418BF3CEA131400F0ED801CEA111471
:108E300081EA030544EAD57418BF1CEA131500F053
:108E4000C880A4EB050404F17F7404F500344FF0EE
:108E5000004545EAC12145EAC32341EA505143EAAE
:108E600052534FEAC0204FEAC222994208BF9042B3
:108E700000F09D804FEA13650FF24416765D4FEACD
:108E8000134506FB05F7C7F1807706FB07F74FEAA6
:108E9000D737A7FB03687642A7FB06CEC8F5803814
:108EA00038BFA8F1010807FB08E6A6FB028C4FF0CB
:108EB000000EE6FB03CEDCF1000CCEF1004E38BF15
:108EC000AEF1010EA6FB0C584FF00007E6FB0E8733
:108ED000A1FB08C6A0FB07CE16EB0E064FF000055F
:108EE00045F10005E1FB076515F1E04E7EBFA4F5F5
:108EF00080345FEA46066D4116F1800745F10005B2
:108F00004FEA172747EA05674FEA15254FEA066635
:108F1000A6F1DE46B6F1805F20D9384605EBC47174
:108F200024F0010C01EB0C11BCF1FE6F02D8F0BC77
:108F3000BDE8008124425CBF01F5801E9EEAC47F2B
:108F400002D4F0BCBDE80081244200F13980A1F1D7
:108F5000C041F0BCBDE8004100F008BA4FEAD020A3
:108F600040EA41504FEAD1214FEAD22242EA43522D
:108F70004FEAD323A7FB028607FB036605FB0266C5
:108F80001EEA0E0F58BFA6EB0056B6EB00564FEA8E
:108F9000520E4EEAC37E18EB0E0E56EB530EBCD5A6
:108FA00018EB02085E417F1C55F10005B5E74FF450
:108FB00080154FF000074FF000064FF00008ACE7B7
:108FC00001F1C04101F000414FF00000F0BCBDE8EC
:108FD00000810CEA131511EA0C1F00D00CE013EA13
:108FE0000C1F00F026804FF0000081EA030101F021
:108FF0000041F0BCBDE80081F0BCBDE8004181EA61
:10900000030100F0B3B9F0BCBDE8004170B500F059
:109010005FF900BF097EFC3E00F007B84FF000008A
:1090200081EA030101F00041704781EA030100F089
:109030009DB9F0BCBDE8004122494FF000007047E7
:10904000FFFDFBF9F7F5F4F2F0EEEDEBE9E8E6E40D
:10905000E3E1E0DEDDDBDAD8D7D5D4D3D1D0CFCD94
:10906000CCCBCAC8C7C6C5C4C2C1C0BFBEBDBCBBCD
:10907000BAB9B8B7B6B5B4B3B2B1B0AFAEADACABC8
:10908000AAA9A8A8A7A6A5A4A3A3A2A1A09F9F9EA2
:109090009D9C9C9B9A999998979796959594939354
:1090A000929191908F8F8E8E8D8C8C8B8B8A8989EB
:1090B000888887878685858484838382828181806E
:1090C0000000FF070000F87F4FEA41034FEA5353C7
:1090D000A3F58063D3F11E03C8BFD3F1210C0CDDCF
:1090E0004FF0004242EAC12242EA505232FA03FCF7
:1090F0008CEAE17CACEBE1707047102BC4BF002020
:10910000704703F5787CBCF1FF3F04D06FF000425C
:1091100082EA2100704770B500F0DAF849922480A5
:1091200000207047F2E710F0004248BF4042B0FA1A
:1091300080F310FA03F10AD0C3F11D0303F5806335
:1091400002EB03524FEA415002EBD12170474FF03E
:1091500000007047B0FA80F310FA03F10AD0C3F1AF
:109160001D0303F580634FEA03524FEA415002EBBF
:10917000D12170474FF000007047000070B5DFF854
:1091800048C11CEA111E1EBF1CEA13159EEA0C0FF3
:1091900095EA0C0F00F06F8081EA03044EEAD47E5A
:1091A000AE4421EA4C1123EA4C1341F4801143F4FC
:1091B0008013AEF17F7EA1FB024CA0FB0365361944
:1091C00055EB0C05A1FB034C4CF10003A0FB021C6A
:1091D00016EB0C06654153F10003094218BF46F037
:1091E000010613F4007F0BD14FEA03314FEA05303B
:1091F00041EA155140EA165034036FF003020AE0C9
:109200004FEAC3214FEAC52041EA555140EA565082
:10921000F4026FF0020202EB2E4201EB025585EAE6
:10922000CE710AD05FEA440C18BF24F0004450F11C
:10923000000041F1000120EAD47040F2FE7C62455A
:1092400000D270BDA84214BF4FF080444FF040449C
:10925000002E08BF0024BEF1806FA8BFA1F1C0415D
:10926000BDE8704080F2828001F1C04101F0004110
:109270004FF0000070470CEA13159EEA0C0F18BF60
:1092800095EA0C0F06D081EA030E4FF000000EF0B5
:10929000004170BD00F01CF88900013E00F007B8E5
:1092A00000F009B84FEA430C5FEA5C5C08D081EA41
:1092B000030100F05BB84FEA410C5FEA5C5CF6D159
:1092C00002494FF0000070470000FF070000F87FE0
:1092D0000EF1020E2EF0030E5EF8046B364205D43A
:1092E000012A43EB030515F5001F12D8012841EBB5
:1092F000010C1CF5001F0CD80ED14FEAD17C0CEBF1
:109300004C0C0CF1020C15F5001F08BF4CEBD37C84
:1093100004E04FF0080C01E04FEAD37C0CEB4C0565
:1093200026FA05F606F00706B6F1040C06D20EEB97
:10933000860CBDE870404CF0010C6047DFE80CF093
:10934000090B02024FF00041A1F500214FF000008F
:1093500070BD19461046012851EB010418BFD4F521
:10936000001484BF002001F0004170BD0808A0F582
:1093700000114FEA3101704710B591EA030F81F0F7
:1093800000413FF5A7AC83F0004300F009B80000AE
:1093900010B591EA030F48BF83F000433FF59AAC44
:1093A000841A71EB030C07D28CF0004C121943EBBA
:1093B0000C03001B61EB0C014FEA1154A4EB135C8E
:1093C000DFF8A4E11EEA430F18BF9EEA445F00F0F5
:1093D000B48021EA045123EA6E035242C3EB6E03C8
:1093E00038BF5B1EDCF1200E25D322FA0CFE10EBF9
:1093F0000E0043FA0CFE41EB0E01CCF1200E03FAF5
:109400000EFE10EB0E00CCF1200E51F1000129D41C
:1094100001EB045112FA0EF2BDE8104058BF70473C
:10942000401C1CBFB2F1004F704700280CBF491C04
:1094300020F00100704712EB020E43EB030218BF4D
:109440004FF0010E4EEA4202ACF1200CDCF11E0E90
:1094500056D943FA0CFE10EB0E00CCF11E0E51F162
:10946000FF31D5D50EF1010E12FA0EFE404141EB4F
:10947000010101EB445C5FEA5C5C10D901EB045133
:1094800010EBDE7038BFBEF1004FBDE8104018BFD2
:10949000704700280CBF491C20F00100704734D2EF
:1094A0004FEAD42C24F4006411F500111BD0B1FA5A
:1094B00081F20B3AA41AA41ED2F12003914030FA93
:1094C00003F31943904001EBCC7101EB0451002CE4
:1094D000BDE81040A8BF704701F1C04101F0004154
:1094E0004FF000007047B0FA80F310FA03F102D198
:1094F000BDE810407047E41A173C4805C90AE2E786
:1095000001EB0451BDE81040704749104FEA3000AC
:1095100001EB0451BDE8104002E04FF0000170473C
:109520004A0008BF0042F8D0B2F5001F28BF7047BC
:1095300001F000414FF0000070479EEA445F07D001
:1095400011EA5E0FBDE8104004BF00210020704703
:10955000BDE8104070B5FFF7BBFE00BF40DFF63E30
:10956000104683F0004170470000E0FF43004FEADF
:10957000D30C4FEA3C0C43401FBF40070CF1605135
:1095800013F0FE4F70471CF0006F03D10CF0004148
:10959000002070470CF0004343EA507040EACC00D2
:1095A00010B500F00EF800BF000000924FEA000175
:1095B000FFF7DCBE4FF00041A1F500214FF00000A5
:1095C00070470EF1020E2EF0030E5EF8044B24429B
:1095D00004D44FEA4102B2F17F4F11D84FEA400361
:1095E000B3F17F4F0CD80ED14FEAD07C0CEB4C0C72
:1095F0000CF1020CB2F17F4F08BF4CEBD17C04E0C0
:109600004FF0080C01E04FEAD17C0CEB4C0324FA3C
:1096100003F404F00704B4F1040C06D20EEB840C3E
:10962000BDE810404CF0010C6047DFE80CF0070883
:1096300002024FF00040A0F5800010BD0846420035
:1096400018BFD2F1807288BF00F0004010BDF1EE6B
:10965000100A4FF6FF71C0F2C03120EA010040F05D
:109660004070E1EE100A7047FF2141EAD050C0057A
:1096700070470000000000004C5555555555A53F5A
:109680007751C1166CC156BF9015CB19A001FA3E97
:10969000AD529C804F7E92BEC4B1B4BD9EEE213EC1
:1096A000D43888BEE9FAA8BD00004054FB21F93F38
:1096B0003163621A61B4D03D0000601A61B4D03DDC
:1096C0007370032E8A19A33B0000002E8A19A33B56
:1096D000C14920259A837B3900000000000000006A
:1096E0006E83F9A22915444ED15727FCC0DD34F50D
:1096F000999562DB4190433CAB6351FE61C5BBDE93
:109700003A6E24B7E0D24D42EA2E49061C92D109A6
:109710001CEB1DFE3EA729B1F53582E88444BB2E23
:1097200026709CE9417E5FB439D69139F439538370
:109730008B5F849C3B28F9BDFF97F81F0F9805DECF
:109740008B112FEF1F6D0A5ACF7E366DB709CB27CD
:10975000663F464F2DEA5F9EC7BA27757BF1E5EB62
:10976000F739073DEA92528AB15FFB6B085D8D1FA6
:109770004630035600000000A6F810111111813F79
:10978000D561C119A0012ABF7DFEB157E31DC73EB7
:10979000EB9C2B8AE6E55ABE7CD5CF5A3AD9E53DFB
:1097A0000000000000000000010203040607080991
:1097B00000000000010203041098000800000000EF
:1097C000700200205C000000700000200002000019
:1097D0000800000000000000000000000006101655
:1097E00000061016089800080000000000000000A5
:1097F000000000000000000000020000180000004F
:1098000000000000000000004C45445461736B00F0
:1098100042757A7A65725461736B0049444C450015
:10982000546D725100546D72205376630000000035
:10983000509800080000002010000000C40100083B
:109840006098000810000020385A0000E00100086D
:109850000024F4000101000010000000AAAAAAAA36
:040000050800018965
:00000001FF
